YEAR,MON,NINO34_MEAN,NINO34_CLIM,TROP_MEAN,TROP_CLIM,RONI,PHASE
1850,1,25.99,26.61,26.65,27.09,,M
1850,2,25.36,26.8,26.84,27.25,-1.14,L
1850,3,25.09,27.31,26.84,27.59,-1.51,L
1850,4,26.23,27.9,27.07,27.85,-1.16,L
1850,5,27.41,27.98,27.36,27.78,-0.69,L
1850,6,26.86,27.76,26.97,27.37,-0.09,N
1850,7,27.38,27.31,26.56,26.92,-0.05,N
1850,8,26.32,26.9,26.2,26.72,0.28,N
1850,9,26.57,26.74,26.28,26.8,0.33,N
1850,10,27.01,26.75,26.71,27.02,0.28,N
1850,11,26.13,26.77,26.72,27.15,-0.13,N
1850,12,25.57,26.62,26.76,27.12,-0.54,L
1851,1,25.78,26.61,26.7,27.09,-0.81,L
1851,2,25.39,26.8,26.67,27.25,-0.74,L
1851,3,26.23,27.31,26.98,27.59,-0.92,L
1851,4,26.35,27.9,27.07,27.85,-0.39,N
1851,5,27.73,27.98,27.12,27.78,-0.25,N
1851,6,27.24,27.76,27.05,27.37,0.14,N
1851,7,27.22,27.31,26.72,26.92,0.09,N
1851,8,27.02,26.9,26.52,26.72,0.57,E
1851,9,27.48,26.74,26.54,26.8,0.16,N
1851,10,25.45,26.75,26.64,27.02,-0.17,N
1851,11,26.07,26.77,26.95,27.15,-0.63,L
1851,12,26.16,26.62,26.78,27.12,-0.78,L
1852,1,24.71,26.61,26.49,27.09,-0.85,L
1852,2,25.39,26.8,26.45,27.25,-1.14,L
1852,3,26.01,27.31,27.07,27.59,-0.93,L
1852,4,26.79,27.9,27.44,27.85,-0.87,L
1852,5,27.14,27.98,27.36,27.78,-0.89,L
1852,6,26.66,27.76,27.13,27.37,-0.3,N
1852,7,27.7,27.31,26.75,26.92,-0.45,N
1852,8,25.7,26.9,26.35,26.72,0.27,N
1852,9,27.52,26.74,26.63,26.8,0.14,N
1852,10,26.85,26.75,26.88,27.02,0.52,E
1852,11,26.7,26.77,27,27.15,-0.01,N
1852,12,25.94,26.62,26.79,27.12,-0.21,N
1853,1,25.94,26.61,26.69,27.09,-0.36,N
1853,2,26.33,26.8,27.02,27.25,-0.27,N
1853,3,26.97,27.31,27.39,27.59,-0.43,N
1853,4,26.93,27.9,27.45,27.85,-0.25,N
1853,5,27.69,27.98,27.31,27.78,0.12,N
1853,6,28.05,27.76,27.02,27.37,0.18,N
1853,7,26.67,27.31,26.68,26.92,-0.07,N
1853,8,26.09,26.9,26.33,26.72,-0.45,N
1853,9,25.91,26.74,26.27,26.8,-0.45,N
1853,10,25.99,26.75,26.64,27.02,-0.05,N
1853,11,27.1,26.77,26.91,27.15,0.22,N
1853,12,26.62,26.62,26.77,27.12,0.38,N
1854,1,26.16,26.61,26.65,27.09,-0.12,N
1854,2,25.86,26.8,26.94,27.25,-0.36,N
1854,3,26.66,27.31,27.16,27.59,-0.44,N
1854,4,27.44,27.9,27.54,27.85,-0.07,N
1854,5,27.93,27.98,27.51,27.78,0.11,N
1854,6,27.65,27.76,27.09,27.37,0.15,N
1854,7,26.78,27.31,26.42,26.92,-0.35,N
1854,8,25.37,26.9,26.19,26.72,-0.7,L
1854,9,25.67,26.74,26.45,26.8,-0.46,N
1854,10,27.04,26.75,26.72,27.02,-0.26,N
1854,11,25.68,26.77,26.59,27.15,-0.33,N
1854,12,25.14,26.62,26.52,27.12,-0.47,N
1855,1,26.4,26.61,26.63,27.09,0,N
1855,2,27.1,26.8,26.92,27.25,0.38,N
1855,3,26.91,27.31,27.2,27.59,0.46,N
1855,4,27.77,27.9,27.3,27.85,0.33,N
1855,5,27.68,27.98,27.15,27.78,0.28,N
1855,6,27.11,27.76,26.83,27.37,0.19,N
1855,7,26.92,27.31,26.31,26.92,0.33,N
1855,8,27.2,26.9,26.31,26.72,0.26,N
1855,9,26.02,26.74,26.36,26.8,0.46,N
1855,10,27.19,26.75,26.73,27.02,0.49,N
1855,11,27.36,26.77,26.98,27.15,1.58,E
1855,12,28.91,26.62,27.02,27.12,1.63,E
1856,1,27.19,26.61,26.85,27.09,1.58,E
1856,2,27.1,26.8,27.01,27.25,0.83,E
1856,3,27.33,27.31,27.05,27.59,0.42,N
1856,4,27.09,27.9,27.2,27.85,-0.16,N
1856,5,26.69,27.98,27.24,27.78,-0.83,L
1856,6,26.19,27.76,26.73,27.37,-0.89,L
1856,7,26.32,27.31,26.37,26.92,-0.91,L
1856,8,25.21,26.9,25.95,26.72,-1.04,L
1856,9,24.84,26.74,26.16,26.8,-1.53,L
1856,10,24.58,26.75,26.48,27.02,-1.75,L
1856,11,24.6,26.77,26.42,27.15,-2.18,L
1856,12,23.45,26.62,26.23,27.12,-2.16,L
1857,1,24.31,26.61,26.35,27.09,-2.04,L
1857,2,25.11,26.8,26.61,27.25,-1.79,L
1857,3,24.7,27.31,26.58,27.59,-1.4,L
1857,4,26.56,27.9,27,27.85,-0.87,L
1857,5,27.27,27.98,26.86,27.78,0.02,N
1857,6,27.38,27.76,26.66,27.37,0.04,N
1857,7,26.24,27.31,26.31,26.92,-0.22,N
1857,8,25.84,26.9,26.08,26.72,-0.35,N
1857,9,26.21,26.74,26.29,26.8,-0.19,N
1857,10,26.08,26.75,26.39,27.02,-0.09,N
1857,11,26.02,26.77,26.57,27.15,-0.29,N
1857,12,25.4,26.62,26.41,27.12,0.26,N
1858,1,27.48,26.61,26.67,27.09,0.56,E
1858,2,26.77,26.8,26.68,27.25,0.9,E
1858,3,26.96,27.31,26.97,27.59,0.29,N
1858,4,27.04,27.9,27.14,27.85,0.29,N
1858,5,27.85,27.98,27.14,27.78,0.21,N
1858,6,27.3,27.76,26.82,27.37,0.12,N
1858,7,26.51,27.31,26.46,26.92,-0.2,N
1858,8,26.38,26.9,26.45,26.72,-0.27,N
1858,9,26.05,26.74,26.21,26.8,-0.21,N
1858,10,26.23,26.75,26.68,27.02,-0.09,N
1858,11,26.46,26.77,26.79,27.15,0,N
1858,12,26.2,26.62,26.56,27.12,-0.1,N
1859,1,25.66,26.61,26.57,27.09,-0.05,N
1859,2,26.59,26.8,26.88,27.25,-0.08,N
1859,3,26.87,27.31,27.08,27.59,-0.6,L
1859,4,25.72,27.9,27.25,27.85,-0.88,L
1859,5,27.17,27.98,27.37,27.78,-1.17,L
1859,6,26.48,27.76,26.7,27.37,-0.65,L
1859,7,26.06,27.31,26.22,26.92,-0.32,N
1859,8,26.97,26.9,26.44,26.72,-0.61,L
1859,9,24.74,26.74,26.13,26.8,-0.28,N
1859,10,26.47,26.75,26.45,27.02,-0.48,N
1859,11,26.18,26.77,26.71,27.15,-0.2,N
1859,12,25.63,26.62,26.78,27.12,-0.57,L
1860,1,25.49,26.61,26.57,27.09,-0.69,L
1860,2,26,26.8,26.85,27.25,-0.53,L
1860,3,26.5,27.31,27.02,27.59,-0.82,L
1860,4,26.06,27.9,27.23,27.85,-0.38,N
1860,5,28.11,27.98,27.28,27.78,-0.26,N
1860,6,27.16,27.76,26.75,27.37,-0.22,N
1860,7,25.35,27.31,26.13,26.92,-0.4,N
1860,8,26.73,26.9,26.4,26.72,-0.45,N
1860,9,26.45,26.74,26.61,26.8,-0.65,L
1860,10,24.29,26.75,26.22,27.02,-0.64,L
1860,11,26.47,26.77,26.66,27.15,-0.88,L
1860,12,25.3,26.62,26.49,27.12,0.14,N
1861,1,27.02,26.61,26.68,27.09,-0.31,N
1861,2,24.63,26.8,25.96,27.25,-0.71,L
1861,3,24.86,27.31,26.76,27.59,-1.12,L
1861,4,27.35,27.9,27.32,27.85,-1.15,L
1861,5,26.12,27.98,26.78,27.78,-0.38,N
1861,6,27,27.76,26.57,27.37,-0.21,N
1861,7,27.2,27.31,26.49,26.92,-0.17,N
1861,8,25.31,26.9,25.91,26.72,-0.75,L
1861,9,24.62,26.74,26.11,26.8,-0.67,L
1861,10,26.92,26.75,26.67,27.02,-1.04,L
1861,11,24.53,26.77,26.59,27.15,-0.58,L
1861,12,25.97,26.62,26.74,27.12,-1.07,L
1862,1,25.17,26.61,26.31,27.09,-0.39,N
1862,2,26.05,26.8,26.51,27.25,-0.36,N
1862,3,26.38,27.31,26.85,27.59,-0.35,N
1862,4,26.78,27.9,27.33,27.85,-0.63,L
1862,5,26.72,27.98,27.1,27.78,-0.26,N
1862,6,27.6,27.76,26.61,27.37,0.42,N
1862,7,27.68,27.31,26.32,26.92,0.16,N
1862,8,24.93,26.9,25.92,26.72,-0.31,N
1862,9,25.51,26.74,26.15,26.8,-0.45,N
1862,10,26.95,26.75,26.58,27.02,-0.22,N
1862,11,25.43,26.77,26.41,27.15,-0.87,L
1862,12,23.41,26.62,26.08,27.12,-1.12,L
1863,1,25.9,26.61,26.36,27.09,-0.99,L
1863,2,26.09,26.8,26.77,27.25,-0.59,L
1863,3,25.34,27.31,26.8,27.59,-0.96,L
1863,4,26.46,27.9,27.15,27.85,-1.16,L
1863,5,26.57,27.98,26.96,27.78,-1.41,L
1863,6,24.98,27.76,26.39,27.37,-1.82,L
1863,7,24.41,27.31,25.95,26.92,-1.81,L
1863,8,25.38,26.9,25.99,26.72,-1.88,L
1863,9,23.86,26.74,25.94,26.8,-1.95,L
1863,10,23.8,26.75,26.15,27.02,-2.34,L
1863,11,24.47,26.77,26.53,27.15,-1.88,L
1863,12,25.34,26.62,26.68,27.12,-1.29,L
1864,1,25.11,26.61,26.22,27.09,-1.17,L
1864,2,24.23,26.8,26.01,27.25,-1.14,L
1864,3,25.54,27.31,26.56,27.59,-0.43,N
1864,4,28.54,27.9,27.4,27.85,-0.01,N
1864,5,27.04,27.98,27.21,27.78,0.55,E
1864,6,27.66,27.76,26.76,27.37,-0.36,N
1864,7,25.82,27.31,26.44,26.92,0.28,N
1864,8,27.46,26.9,26.07,26.72,0.72,E
1864,9,27.99,26.74,26.43,26.8,1.76,E
1864,10,28.1,26.75,26.77,27.02,1.68,E
1864,11,27.46,26.77,26.92,27.15,1.53,E
1864,12,27.66,26.62,26.94,27.12,0.5,E
1865,1,25.3,26.61,26.71,27.09,0.01,N
1865,2,26.45,26.8,27.17,27.25,-0.57,L
1865,3,26.81,27.31,27.23,27.59,-0.54,L
1865,4,26.71,27.9,27.47,27.85,-0.77,L
1865,5,26.83,27.98,27.35,27.78,-0.32,N
1865,6,28.51,27.76,27.29,27.37,0.27,N
1865,7,27.71,27.31,26.77,26.92,0.38,N
1865,8,26.1,26.9,26.34,26.72,-0.3,N
1865,9,25.69,26.74,26.62,26.8,-0.32,N
1865,10,27.24,26.75,27.02,27.02,-0.2,N
1865,11,26.26,26.77,26.78,27.15,0.31,N
1865,12,26.74,26.62,26.85,27.12,0.76,E
1866,1,28.44,26.61,27.34,27.09,1.02,E
1866,2,27.04,26.8,27.04,27.25,1.26,E
1866,3,28.29,27.31,27.67,27.59,-0.2,N
1866,4,25.13,27.9,26.88,27.85,-0.73,L
1866,5,26.34,27.98,26.81,27.78,-0.72,L
1866,6,28.75,27.76,27.48,27.37,-0.12,N
1866,7,26.63,27.31,26.74,26.92,0.42,N
1866,8,27.43,26.9,26.58,26.72,-0.12,N
1866,9,25.77,26.74,26.3,26.8,-0.46,N
1866,10,24.6,26.75,26.22,27.02,-1.08,L
1866,11,25.65,26.77,26.88,27.15,-1.74,L
1866,12,23.87,26.62,26.44,27.12,-1.42,L
1867,1,25.41,26.61,26.45,27.09,-2.18,L
1867,2,23.29,26.8,26.33,27.25,-1.36,L
1867,3,27.1,27.31,27.43,27.59,-1.63,L
1867,4,26.17,27.9,27.15,27.85,-0.83,L
1867,5,26.77,27.98,27.29,27.78,-0.33,N
1867,6,28.49,27.76,27.08,27.37,0.28,N
1867,7,27.11,27.31,26.35,26.92,-0.12,N
1867,8,24.67,26.9,26.17,26.72,-0.47,N
1867,9,26.51,26.74,26.44,26.8,-1.43,L
1867,10,24.06,26.75,26.36,27.02,-0.99,L
1867,11,25.79,26.77,26.72,27.15,-1.44,L
1867,12,25,26.62,26.44,27.12,-0.99,L
1868,1,25.03,26.61,26.43,27.09,-0.07,N
1868,2,28.34,26.8,27.11,27.25,0.46,N
1868,3,27.24,27.31,27.21,27.59,0.44,N
1868,4,26.23,27.9,27.18,27.85,-0.52,L
1868,5,27.06,27.98,27.29,27.78,-0.49,N
1868,6,27.55,27.76,26.82,27.37,0,N
1868,7,27.08,27.31,26.6,26.92,0.02,N
1868,8,26.07,26.9,26.26,26.72,-0.62,L
1868,9,25.08,26.74,26.41,26.8,-0.31,N
1868,10,27.27,26.75,26.66,27.02,0.24,N
1868,11,27.62,26.77,27,27.15,0.81,E
1868,12,26.49,26.62,26.89,27.12,0.71,E
1869,1,26.81,26.61,26.66,27.09,0.38,N
1869,2,26.68,26.8,26.94,27.25,0.94,E
1869,3,28.55,27.31,27.45,27.59,0.16,N
1869,4,26.29,27.9,27.46,27.85,0.07,N
1869,5,27.77,27.98,27.57,27.78,-0.76,L
1869,6,26.7,27.76,26.79,27.37,-0.07,N
1869,7,27.19,27.31,26.49,26.92,-0.13,N
1869,8,26.35,26.9,26.33,26.72,-0.53,L
1869,9,24.66,26.74,26.19,26.8,-0.81,L
1869,10,25.83,26.75,26.48,27.02,-0.86,L
1869,11,26.05,26.77,26.71,27.15,-0.56,L
1869,12,25.35,26.62,26.55,27.12,-0.8,L
1870,1,25.13,26.61,26.58,27.09,-0.95,L
1870,2,25.85,26.8,26.9,27.25,-1.62,L
1870,3,24.41,27.31,26.93,27.59,-1.07,L
1870,4,27.8,27.9,27.32,27.85,-2.02,L
1870,5,24.48,27.98,26.87,27.78,-1.93,L
1870,6,24.9,27.76,26.64,27.37,-2.3,L
1870,7,26.21,27.31,26.56,26.92,-1.58,L
1870,8,25.13,26.9,26.05,26.72,-0.99,L
1870,9,25.59,26.74,26.31,26.8,-1.32,L
1870,10,24.5,26.75,26.31,27.02,-1.32,L
1870,11,24.96,26.77,26.42,27.15,-1.31,L
1870,12,25.63,26.62,26.72,27.12,-1.13,L
1871,1,24.92,26.61,26.49,27.09,-1,L
1871,2,25.54,26.8,26.72,27.25,-1.14,L
1871,3,26,27.31,27.15,27.59,-0.68,L
1871,4,27.47,27.9,27.35,27.85,-0.9,L
1871,5,26.34,27.98,27.28,27.78,-0.73,L
1871,6,26.66,27.76,26.81,27.37,-1.47,L
1871,7,25.15,27.31,26.57,26.92,-1.16,L
1871,8,25.83,26.9,26.21,26.72,-0.67,L
1871,9,26.78,26.74,26.17,26.8,0.29,N
1871,10,26.89,26.75,26.55,27.02,0.09,N
1871,11,25.12,26.77,26.58,27.15,-0.2,N
1871,12,26.1,26.62,26.64,27.12,-0.51,L
1872,1,25.87,26.61,26.5,27.09,-0.51,L
1872,2,25.3,26.8,26.79,27.25,-0.7,L
1872,3,26.3,27.31,27.05,27.59,-0.55,L
1872,4,27.6,27.9,27.29,27.85,-0.27,N
1872,5,26.94,27.98,27.13,27.78,-0.33,N
1872,6,26.48,27.76,26.71,27.37,-0.8,L
1872,7,26,27.31,26.5,26.92,-0.82,L
1872,8,25.93,26.9,26.27,26.72,-0.89,L
1872,9,25.24,26.74,26.14,26.8,-0.81,L
1872,10,25.52,26.75,26.47,27.02,-1.04,L
1872,11,25.1,26.77,26.55,27.15,-0.89,L
1872,12,25.56,26.62,26.49,27.12,-0.79,L
1873,1,25.57,26.61,26.48,27.09,-0.68,L
1873,2,25.46,26.8,26.69,27.25,-0.98,L
1873,3,25.3,27.31,26.69,27.59,-1.75,L
1873,4,25.01,27.9,27.02,27.85,-1.5,L
1873,5,27.18,27.98,27.09,27.78,-0.85,L
1873,6,27.34,27.76,26.67,27.37,0.19,N
1873,7,26.79,27.31,26.12,26.92,0.33,N
1873,8,26.63,26.9,26.16,26.72,-0.05,N
1873,9,25.52,26.74,26.25,26.8,-0.27,N
1873,10,25.86,26.75,26.39,27.02,-0.67,L
1873,11,25.61,26.77,26.71,27.15,-0.73,L
1873,12,25.11,26.62,26.41,27.12,-1.12,L
1874,1,24.92,26.61,26.62,27.09,-1.1,L
1874,2,25.29,26.8,26.35,27.25,-1.3,L
1874,3,25.31,27.31,26.82,27.59,-1.22,L
1874,4,26.04,27.9,26.88,27.85,-0.55,L
1874,5,28.13,27.98,27,27.78,-0.39,N
1874,6,25.89,27.76,26.41,27.37,-0.03,N
1874,7,26.83,27.31,26.53,26.92,-0.83,L
1874,8,24.97,26.9,25.85,26.72,-0.76,L
1874,9,25.31,26.74,26.14,26.8,-0.98,L
1874,10,25.22,26.75,26.11,27.02,-0.96,L
1874,11,24.91,26.77,26.26,27.15,-1,L
1874,12,24.89,26.62,26.23,27.12,-0.81,L
1875,1,25.97,26.61,26.6,27.09,-0.68,L
1875,2,25.68,26.8,26.77,27.25,-0.37,N
1875,3,26.57,27.31,26.94,27.59,-0.5,L
1875,4,26.67,27.9,27.01,27.85,-0.42,N
1875,5,26.93,27.98,27.14,27.78,-0.67,L
1875,6,26.44,27.76,26.74,27.37,-0.57,L
1875,7,26.41,27.31,26.28,26.92,-0.67,L
1875,8,25.24,26.9,25.8,26.72,-0.63,L
1875,9,25.67,26.74,26.31,26.8,-0.51,L
1875,10,26.37,26.75,26.59,27.02,-0.53,L
1875,11,25.53,26.77,26.7,27.15,-0.33,N
1875,12,26.03,26.62,26.61,27.12,-0.41,N
1876,1,25.89,26.61,26.5,27.09,0.04,N
1876,2,26.62,26.8,26.77,27.25,-0.02,N
1876,3,26.44,27.31,26.94,27.59,-0.41,N
1876,4,26.23,27.9,27.17,27.85,-0.53,L
1876,5,27.27,27.98,27.01,27.78,-0.83,L
1876,6,26.06,27.76,26.57,27.37,-0.23,N
1876,7,27.02,27.31,26.34,26.92,-0.32,N
1876,8,25.98,26.9,25.97,26.72,-0.15,N
1876,9,25.53,26.74,26.07,26.8,0,N
1876,10,26.83,26.75,26.43,27.02,0.37,N
1876,11,27.01,26.77,26.67,27.15,0.93,E
1876,12,27.07,26.62,26.67,27.12,0.88,E
1877,1,26.68,26.61,26.65,27.09,1.26,E
1877,2,28.25,26.8,27.11,27.25,0.95,E
1877,3,26.91,27.31,27.08,27.59,1.33,E
1877,4,28.94,27.9,27.61,27.85,1.15,E
1877,5,28.49,27.98,27.18,27.78,1.43,E
1877,6,28.29,27.76,27.11,27.37,1.55,E
1877,7,29,27.31,26.84,26.92,1.66,E
1877,8,28.57,26.9,26.77,26.72,1.92,E
1877,9,28.34,26.74,26.93,26.8,1.89,E
1877,10,28.64,26.75,27.25,27.02,2.07,E
1877,11,28.97,26.77,27.35,27.15,2.25,E
1877,12,28.66,26.62,27.29,27.12,2.36,E
1878,1,28.78,26.61,27.38,27.09,1.99,E
1878,2,28.1,26.8,27.56,27.25,1.77,E
1878,3,28.63,27.31,27.64,27.59,1.29,E
1878,4,28.58,27.9,27.9,27.85,0.78,E
1878,5,27.77,27.98,27.76,27.78,0.57,E
1878,6,28.58,27.76,27.37,27.37,0.32,N
1878,7,27.28,27.31,26.78,26.92,0.18,N
1878,8,26.12,26.9,26.43,26.72,-0.42,N
1878,9,25.74,26.74,26.47,26.8,-0.82,L
1878,10,25.49,26.75,26.66,27.02,-1.04,L
1878,11,25.4,26.77,26.79,27.15,-0.97,L
1878,12,25.71,26.62,26.67,27.12,-1.15,L
1879,1,24.79,26.61,26.62,27.09,-0.81,L
1879,2,26.26,26.8,26.84,27.25,-0.7,L
1879,3,26.72,27.31,27.16,27.59,-0.14,N
1879,4,27.21,27.9,27.17,27.85,-0.52,L
1879,5,26.41,27.98,27.16,27.78,-0.68,L
1879,6,26.58,27.76,26.73,27.37,-1.13,L
1879,7,25.37,27.31,26.18,26.92,-1.04,L
1879,8,25.42,26.9,26.12,26.72,-0.86,L
1879,9,26,26.74,26.15,26.8,-0.81,L
1879,10,24.9,26.75,26.22,27.02,-1.02,L
1879,11,24.73,26.77,26.5,27.15,-1.15,L
1879,12,25.58,26.62,26.46,27.12,-1.46,L
1880,1,23.92,26.61,26.2,27.09,-1.12,L
1880,2,25.78,26.8,26.73,27.25,-1.56,L
1880,3,25.55,27.31,27.21,27.59,-0.71,L
1880,4,27.65,27.9,27.33,27.85,-0.94,L
1880,5,26.23,27.98,26.98,27.78,-0.33,N
1880,6,26.9,27.76,26.58,27.37,-0.71,L
1880,7,25.76,27.31,26.05,26.92,-0.31,N
1880,8,26.3,26.9,26.16,26.72,-0.45,N
1880,9,25.5,26.74,25.98,26.8,0.07,N
1880,10,26.83,26.75,26.46,27.02,0.22,N
1880,11,26.6,26.77,26.66,27.15,0.67,E
1880,12,26.87,26.62,26.68,27.12,0.55,E
1881,1,26.48,26.61,26.64,27.09,0.61,E
1881,2,26.86,26.8,26.88,27.25,0.31,N
1881,3,26.93,27.31,27.26,27.59,0.12,N
1881,4,27.48,27.9,27.55,27.85,0.03,N
1881,5,27.81,27.98,27.38,27.78,0.18,N
1881,6,27.68,27.76,27,27.37,0.23,N
1881,7,26.87,27.31,26.47,26.92,-0.01,N
1881,8,26.07,26.9,26.21,26.72,0.1,N
1881,9,26.81,26.74,26.3,26.8,0,N
1881,10,25.97,26.75,26.47,27.02,0.14,N
1881,11,26.29,26.77,26.65,27.15,-0.21,N
1881,12,25.88,26.62,26.68,27.12,-0.1,N
1882,1,26.28,26.61,26.71,27.09,-0.22,N
1882,2,26.13,26.8,26.85,27.25,-0.15,N
1882,3,26.7,27.31,27.12,27.59,-0.03,N
1882,4,27.83,27.9,27.45,27.85,0.24,N
1882,5,27.73,27.98,27.19,27.78,0.22,N
1882,6,26.81,27.76,26.61,27.37,-0.02,N
1882,7,26.4,27.31,26.22,26.92,-0.27,N
1882,8,25.98,26.9,26.06,26.72,-0.13,N
1882,9,26.33,26.74,26.24,26.8,-0.28,N
1882,10,25.43,26.75,26.27,27.02,-0.45,N
1882,11,25.53,26.77,26.6,27.15,-0.94,L
1882,12,24.97,26.62,26.5,27.12,-0.9,L
1883,1,25.51,26.61,26.47,27.09,-0.57,L
1883,2,26.24,26.8,26.54,27.25,0.28,N
1883,3,27.8,27.31,27.1,27.59,1.04,E
1883,4,28.5,27.9,27.23,27.85,1.24,E
1883,5,27.99,27.98,27.3,27.78,0.82,E
1883,6,27.34,27.76,26.85,27.37,0.42,N
1883,7,27.02,27.31,26.23,26.92,0.31,N
1883,8,26.47,26.9,26,26.72,0.32,N
1883,9,26.24,26.74,26.17,26.8,0.19,N
1883,10,25.99,26.75,26.19,27.02,0.33,N
1883,11,26.88,26.77,26.64,27.15,0.42,N
1883,12,26.27,26.62,26.43,27.12,0.54,E
1884,1,26.18,26.61,26.31,27.09,0.5,N
1884,2,26.83,26.8,26.79,27.25,0.55,E
1884,3,27.05,27.31,26.89,27.59,0.43,N
1884,4,27.2,27.9,27.12,27.85,0.66,E
1884,5,28.46,27.98,27.28,27.78,0.69,E
1884,6,27.64,27.76,26.73,27.37,0.77,E
1884,7,26.87,27.31,26.17,26.92,0.39,N
1884,8,26.39,26.9,26.04,26.72,0.4,N
1884,9,26.73,26.74,26.25,26.8,0.5,N
1884,10,26.62,26.75,26.35,27.02,1.03,E
1884,11,27.63,26.77,26.55,27.15,1.18,E
1884,12,26.92,26.62,26.53,27.12,1.23,E
1885,1,26.7,26.61,26.52,27.09,0.85,E
1885,2,26.79,26.8,26.77,27.25,0.63,E
1885,3,26.97,27.31,26.92,27.59,0.33,N
1885,4,27.24,27.9,27.24,27.85,0.34,N
1885,5,27.79,27.98,27.13,27.78,0.5,E
1885,6,27.72,27.76,26.63,27.37,0.69,E
1885,7,27.04,27.31,26.19,26.92,0.58,E
1885,8,26.45,26.9,25.96,26.72,0.46,N
1885,9,26.59,26.74,26.25,26.8,0.81,E
1885,10,27.79,26.75,26.72,27.02,1.24,E
1885,11,27.76,26.77,26.82,27.15,1.44,E
1885,12,27.02,26.62,26.65,27.12,1.31,E
1886,1,27.14,26.61,26.62,27.09,0.8,E
1886,2,26.26,26.8,26.67,27.25,0.3,N
1886,3,26.39,27.31,27.01,27.59,-0.14,N
1886,4,27.33,27.9,27.3,27.85,-0.32,N
1886,5,27.07,27.98,27.2,27.78,-0.68,L
1886,6,25.86,27.76,26.61,27.37,-0.99,L
1886,7,25.67,27.31,26.14,26.92,-1.05,L
1886,8,25.54,26.9,25.98,26.72,-0.8,L
1886,9,25.44,26.74,26.03,26.8,-0.86,L
1886,10,24.88,26.75,26.16,27.02,-0.98,L
1886,11,25.15,26.77,26.43,27.15,-1.25,L
1886,12,24.45,26.62,26.1,27.12,-1.32,L
1887,1,24.48,26.61,26.13,27.09,-1.43,L
1887,2,24.81,26.8,26.37,27.25,-1.26,L
1887,3,25.73,27.31,26.71,27.59,-1.09,L
1887,4,26.28,27.9,26.89,27.85,-0.96,L
1887,5,26.25,27.98,26.79,27.78,-0.81,L
1887,6,26.42,27.76,26.44,27.37,-0.46,N
1887,7,26.59,27.31,26.15,26.92,-0.14,N
1887,8,26.12,26.9,25.92,26.72,0.06,N
1887,9,26.08,26.74,26.05,26.8,-0.06,N
1887,10,25.78,26.75,26.31,27.02,-0.13,N
1887,11,26.04,26.77,26.57,27.15,-0.09,N
1887,12,26.2,26.62,26.52,27.12,0.26,N
1888,1,26.58,26.61,26.47,27.09,0.62,E
1888,2,26.99,26.8,26.75,27.25,0.94,E
1888,3,27.8,27.31,27.17,27.59,1,E
1888,4,27.97,27.9,27.28,27.85,1.01,E
1888,5,28.15,27.98,27.3,27.78,0.92,E
1888,6,27.98,27.76,26.83,27.37,0.84,E
1888,7,27.43,27.31,26.47,26.92,0.94,E
1888,8,27.42,26.9,26.21,26.72,0.77,E
1888,9,26.67,26.74,26.37,26.8,1.18,E
1888,10,28.1,26.75,26.79,27.02,1.4,E
1888,11,28.15,26.77,27.01,27.15,2,E
1888,12,28.28,26.62,26.98,27.12,2.23,E
1889,1,28.67,26.61,27.04,27.09,2.25,E
1889,2,28.14,26.8,27.14,27.25,1.84,E
1889,3,27.88,27.31,27.42,27.59,1.33,E
1889,4,28.36,27.9,27.52,27.85,0.91,E
1889,5,28.06,27.98,27.4,27.78,0.46,N
1889,6,27.07,27.76,26.93,27.37,-0.32,N
1889,7,25.89,27.31,26.48,26.92,-0.97,L
1889,8,25.15,26.9,26.17,26.72,-1.35,L
1889,9,24.89,26.74,26.16,26.8,-1.72,L
1889,10,24.02,26.75,26.18,27.02,-1.85,L
1889,11,24.66,26.77,26.52,27.15,-1.73,L
1889,12,25.09,26.62,26.46,27.12,-1.8,L
1890,1,23.66,26.61,26.19,27.09,-1.26,L
1890,2,25.96,26.8,26.51,27.25,-1.12,L
1890,3,26.08,27.31,26.84,27.59,-0.48,N
1890,4,26.55,27.9,27.01,27.85,-0.64,L
1890,5,26.75,27.98,26.96,27.78,-0.43,N
1890,6,26.8,27.76,26.47,27.37,-0.32,N
1890,7,26.12,27.31,26.04,26.92,-0.63,L
1890,8,24.54,26.9,25.58,26.72,-0.88,L
1890,9,25.05,26.74,25.8,26.8,-1.1,L
1890,10,24.89,26.75,26,27.02,-0.94,L
1890,11,24.91,26.77,26.09,27.15,-0.62,L
1890,12,26.17,26.62,26.54,27.12,0.08,N
1891,1,26.71,26.61,26.34,27.09,0.56,E
1891,2,26.55,26.8,26.65,27.25,1,E
1891,3,27.78,27.31,26.94,27.59,0.67,E
1891,4,27.35,27.9,27.26,27.85,0.88,E
1891,5,28.26,27.98,27.31,27.78,0.53,E
1891,6,27.48,27.76,26.7,27.37,0.68,E
1891,7,27.04,27.31,26.19,26.92,0.22,N
1891,8,25.94,26.9,26.03,26.72,0.08,N
1891,9,26.11,26.74,26.14,26.8,0.05,N
1891,10,26.57,26.75,26.47,27.02,0.22,N
1891,11,26.3,26.77,26.54,27.15,0.08,N
1891,12,25.73,26.62,26.55,27.12,0.08,N
1892,1,26.52,26.61,26.63,27.09,0.01,N
1892,2,26.31,26.8,26.82,27.25,-0.01,N
1892,3,26.28,27.31,26.93,27.59,-0.37,N
1892,4,26.68,27.9,27.05,27.85,-0.17,N
1892,5,27.58,27.98,26.97,27.78,-0.19,N
1892,6,26.39,27.76,26.43,27.37,0.09,N
1892,7,26.46,27.31,25.86,26.92,-0.17,N
1892,8,25.64,26.9,25.67,26.72,-0.44,N
1892,9,24.68,26.74,25.85,26.8,-1.13,L
1892,10,24.12,26.75,25.89,27.02,-1.36,L
1892,11,24.86,26.77,26,27.15,-1.26,L
1892,12,24.95,26.62,26.28,27.12,-0.82,L
1893,1,25.34,26.61,26.23,27.09,-0.82,L
1893,2,25.33,26.8,26.5,27.25,-0.62,L
1893,3,26.18,27.31,26.79,27.59,-0.89,L
1893,4,26,27.9,26.9,27.85,-0.87,L
1893,5,26.44,27.98,26.85,27.78,-0.92,L
1893,6,26.41,27.76,26.51,27.37,-0.66,L
1893,7,26.09,27.31,26.17,26.92,-0.55,L
1893,8,25.67,26.9,25.9,26.72,-0.82,L
1893,9,24.68,26.74,25.91,26.8,-1.09,L
1893,10,24.78,26.75,26.19,27.02,-1.29,L
1893,11,24.88,26.77,26.14,27.15,-1.03,L
1893,12,25.23,26.62,26.24,27.12,-0.79,L
1894,1,25.17,26.61,26.2,27.09,-0.58,L
1894,2,25.66,26.8,26.44,27.25,-0.66,L
1894,3,25.78,27.31,26.73,27.59,-0.76,L
1894,4,26.33,27.9,26.98,27.85,-0.68,L
1894,5,26.95,27.98,26.86,27.78,-0.62,L
1894,6,26.31,27.76,26.48,27.37,-0.11,N
1894,7,26.99,27.31,26.19,26.92,-0.17,N
1894,8,25.81,26.9,25.9,26.72,-0.14,N
1894,9,25.5,26.74,26.06,26.8,-0.54,L
1894,10,25.34,26.75,26.18,27.02,-0.42,N
1894,11,25.96,26.77,26.31,27.15,-0.38,N
1894,12,25.51,26.62,26.39,27.12,0.02,N
1895,1,26.48,26.61,26.57,27.09,-0.36,N
1895,2,25.37,26.8,26.7,27.25,-0.17,N
1895,3,26.75,27.31,26.93,27.59,-0.05,N
1895,4,28.04,27.9,27.32,27.85,0.47,N
1895,5,27.64,27.98,27.17,27.78,0.45,N
1895,6,27.14,27.76,26.69,27.37,0.3,N
1895,7,27.09,27.31,26.34,26.92,0.35,N
1895,8,26.91,26.9,26.28,26.72,0.79,E
1895,9,27.47,26.74,26.33,26.8,0.9,E
1895,10,26.87,26.75,26.53,27.02,1.2,E
1895,11,27.63,26.77,26.87,27.15,0.86,E
1895,12,26.49,26.62,26.63,27.12,0.86,E
1896,1,26.77,26.61,26.66,27.09,0.52,E
1896,2,26.63,26.8,26.78,27.25,0.6,E
1896,3,27.54,27.31,27.3,27.59,0.45,N
1896,4,27.68,27.9,27.44,27.85,0.03,N
1896,5,26.88,27.98,27.33,27.78,0.06,N
1896,6,27.88,27.76,26.91,27.37,0.37,N
1896,7,27.95,27.31,26.63,26.92,1,E
1896,8,27.64,26.9,26.46,26.72,1.09,E
1896,9,27.28,26.74,26.51,26.8,1.19,E
1896,10,27.55,26.75,26.66,27.02,1.33,E
1896,11,27.98,26.77,27.07,27.15,1.65,E
1896,12,28.15,26.62,27.07,27.12,1.62,E
1897,1,27.56,26.61,26.98,27.09,1.6,E
1897,2,27.87,26.8,27.16,27.25,1.07,E
1897,3,27.46,27.31,27.46,27.59,0.53,E
1897,4,27.37,27.9,27.56,27.85,-0.02,N
1897,5,27.49,27.98,27.36,27.78,-0.06,N
1897,6,27.46,27.76,26.88,27.37,0.15,N
1897,7,27.14,27.31,26.52,26.92,0.05,N
1897,8,26.28,26.9,26.4,26.72,0.02,N
1897,9,26.39,26.74,26.31,26.8,-0.27,N
1897,10,25.8,26.75,26.58,27.02,-0.48,N
1897,11,25.34,26.77,26.54,27.15,-0.67,L
1897,12,25.74,26.62,26.56,27.12,-0.44,N
1898,1,26.02,26.61,26.47,27.09,-0.34,N
1898,2,25.56,26.8,26.55,27.25,-0.3,N
1898,3,26.26,27.31,26.75,27.59,-0.35,N
1898,4,27.05,27.9,27.03,27.85,-0.05,N
1898,5,27.26,27.98,26.93,27.78,0.03,N
1898,6,26.97,27.76,26.62,27.37,-0.11,N
1898,7,26.2,27.31,26.17,26.92,-0.36,N
1898,8,25.52,26.9,25.86,26.72,-0.38,N
1898,9,25.91,26.74,26.06,26.8,-0.43,N
1898,10,25.47,26.75,26.2,27.02,-0.44,N
1898,11,25.55,26.77,26.46,27.15,-0.73,L
1898,12,25.13,26.62,26.42,27.12,-0.69,L
1899,1,25.58,26.61,26.41,27.09,-0.64,L
1899,2,25.66,26.8,26.5,27.25,-0.68,L
1899,3,25.67,27.31,26.82,27.59,-0.68,L
1899,4,26.83,27.9,27.05,27.85,-0.4,N
1899,5,27.61,27.98,27.15,27.78,0.05,N
1899,6,27.03,27.76,26.51,27.37,0.28,N
1899,7,26.95,27.31,26.28,26.92,0.23,N
1899,8,26.59,26.9,26.24,26.72,0.44,N
1899,9,26.84,26.74,26.22,26.8,0.76,E
1899,10,27.44,26.75,26.64,27.02,1.16,E
1899,11,27.46,26.77,26.72,27.15,1.46,E
1899,12,27.77,26.62,26.89,27.12,1.65,E
1900,1,27.85,26.61,26.81,27.09,1.7,E
1900,2,27.79,26.8,27.08,27.25,1.49,E
1900,3,27.65,27.31,27.14,27.59,1.26,E
1900,4,28.56,27.9,27.62,27.85,1.01,E
1900,5,28.05,27.98,27.33,27.78,1.03,E
1900,6,28.23,27.76,26.96,27.37,0.82,E
1900,7,27.43,27.31,26.51,26.92,0.62,E
1900,8,26.56,26.9,26.22,26.72,0.39,N
1900,9,26.6,26.74,26.36,26.8,0.38,N
1900,10,26.83,26.75,26.6,27.02,0.25,N
1900,11,26.07,26.77,26.64,27.15,0.25,N
1900,12,26.62,26.62,26.81,27.12,0.19,N
1901,1,26.66,26.61,26.8,27.09,0.39,N
1901,2,26.64,26.8,26.81,27.25,0.27,N
1901,3,26.84,27.31,27.12,27.59,0.33,N
1901,4,27.84,27.9,27.32,27.85,0.28,N
1901,5,27.53,27.98,27.19,27.78,0.28,N
1901,6,26.99,27.76,26.58,27.37,0.01,N
1901,7,26.45,27.31,26.2,26.92,-0.13,N
1901,8,26.11,26.9,26.12,26.72,-0.11,N
1901,9,25.97,26.74,25.97,26.8,-0.24,N
1901,10,25.56,26.75,26.3,27.02,-0.36,N
1901,11,25.67,26.77,26.54,27.15,-0.4,N
1901,12,25.88,26.62,26.4,27.12,-0.2,N
1902,1,25.91,26.61,26.38,27.09,0.21,N
1902,2,26.66,26.8,26.61,27.25,0.32,N
1902,3,26.78,27.31,26.82,27.59,0.64,E
1902,4,28.12,27.9,27.36,27.85,0.76,E
1902,5,28.12,27.98,27.2,27.78,1.28,E
1902,6,28.53,27.76,26.71,27.37,1.47,E
1902,7,28.11,27.31,26.39,26.92,1.61,E
1902,8,27.6,26.9,26.14,26.72,1.63,E
1902,9,27.64,26.74,26.17,26.8,1.74,E
1902,10,27.73,26.75,26.42,27.02,2.07,E
1902,11,28.23,26.77,26.61,27.15,2.33,E
1902,12,28.35,26.62,26.71,27.12,2.32,E
1903,1,27.66,26.61,26.64,27.09,2.13,E
1903,2,27.64,26.8,26.67,27.25,1.84,E
1903,3,27.95,27.31,26.87,27.59,1.53,E
1903,4,27.76,27.9,27.06,27.85,1.03,E
1903,5,27.4,27.98,26.96,27.78,0.43,N
1903,6,27.04,27.76,26.58,27.37,-0.05,N
1903,7,26.1,27.31,26.13,26.92,-0.4,N
1903,8,25.31,26.9,25.79,26.72,-0.56,L
1903,9,25.49,26.74,25.89,26.8,-0.7,L
1903,10,25.1,26.75,26.12,27.02,-0.68,L
1903,11,25.21,26.77,26.19,27.15,-0.65,L
1903,12,25.43,26.62,26.17,27.12,-0.57,L
1904,1,24.95,26.61,25.99,27.09,-0.63,L
1904,2,24.89,26.8,26.05,27.25,-0.35,N
1904,3,26.77,27.31,26.61,27.59,-0.33,N
1904,4,26.33,27.9,26.74,27.85,0.18,N
1904,5,27.33,27.98,26.73,27.78,0.08,N
1904,6,26.92,27.76,26.29,27.37,0.53,E
1904,7,26.94,27.31,25.93,26.92,0.8,E
1904,8,27.16,26.9,25.83,26.72,0.88,E
1904,9,26.33,26.74,25.92,26.8,1.04,E
1904,10,26.99,26.75,26.25,27.02,0.92,E
1904,11,26.82,26.77,26.4,27.15,1.16,E
1904,12,27,26.62,26.47,27.12,1.19,E
1905,1,26.98,26.61,26.38,27.09,1.29,E
1905,2,27.04,26.8,26.52,27.25,1.29,E
1905,3,27.64,27.31,26.94,27.59,1.35,E
1905,4,28.29,27.9,27.13,27.85,1.63,E
1905,5,28.81,27.98,27.15,27.78,1.81,E
1905,6,28.65,27.76,26.82,27.37,1.93,E
1905,7,28.36,27.31,26.31,26.92,1.93,E
1905,8,28.06,26.9,26.13,26.72,1.94,E
1905,9,27.66,26.74,26.2,26.8,1.81,E
1905,10,27.41,26.75,26.41,27.02,1.58,E
1905,11,27.32,26.77,26.59,27.15,1.56,E
1905,12,27.58,26.62,26.62,27.12,1.48,E
1906,1,27.23,26.61,26.66,27.09,1.33,E
1906,2,27.06,26.8,26.83,27.25,1.02,E
1906,3,27.44,27.31,27.06,27.59,0.75,E
1906,4,27.66,27.9,27.23,27.85,0.57,E
1906,5,27.47,27.98,27.05,27.78,0.13,N
1906,6,26.72,27.76,26.64,27.37,0.1,N
1906,7,27,27.31,26.29,26.92,-0.17,N
1906,8,25.7,26.9,25.95,26.72,0.07,N
1906,9,26.27,26.74,26.05,26.8,-0.24,N
1906,10,25.3,26.75,26.02,27.02,-0.06,N
1906,11,25.98,26.77,26.37,27.15,-0.07,N
1906,12,26.21,26.62,26.44,27.12,-0.02,N
1907,1,25.43,26.61,26.23,27.09,-0.17,N
1907,2,25.62,26.8,26.43,27.25,-0.46,N
1907,3,26.05,27.31,26.75,27.59,-0.45,N
1907,4,26.82,27.9,27.01,27.85,-0.09,N
1907,5,27.62,27.98,26.97,27.78,0.18,N
1907,6,27.16,27.76,26.58,27.37,0.56,E
1907,7,27.28,27.31,26.21,26.92,0.21,N
1907,8,25.75,26.9,25.9,26.72,0.43,N
1907,9,26.78,26.74,26.1,26.8,0.16,N
1907,10,25.97,26.75,26.22,27.02,0.33,N
1907,11,26.11,26.77,26.44,27.15,0.2,N
1907,12,26.28,26.62,26.36,27.12,0.35,N
1908,1,26.27,26.61,26.37,27.09,0.47,N
1908,2,26.33,26.8,26.46,27.25,0.28,N
1908,3,26.22,27.31,26.55,27.59,0.03,N
1908,4,26.69,27.9,26.84,27.85,-0.1,N
1908,5,27.15,27.98,26.9,27.78,0,N
1908,6,26.9,27.76,26.35,27.37,-0.06,N
1908,7,25.94,27.31,25.92,26.92,-0.15,N
1908,8,25.71,26.9,25.69,26.72,-0.39,N
1908,9,25.37,26.74,25.88,26.8,-0.44,N
1908,10,25.27,26.75,26.03,27.02,-0.56,L
1908,11,25.33,26.77,26.16,27.15,-0.53,L
1908,12,25.21,26.62,26.07,27.12,-0.53,L
1909,1,25.25,26.61,26.22,27.09,-0.53,L
1909,2,25.49,26.8,26.37,27.25,-0.44,N
1909,3,26.19,27.31,26.6,27.59,-0.31,N
1909,4,26.83,27.9,26.91,27.85,-0.08,N
1909,5,27.22,27.98,26.91,27.78,-0.06,N
1909,6,26.69,27.76,26.41,27.37,-0.09,N
1909,7,26.04,27.31,25.87,26.92,-0.42,N
1909,8,25.13,26.9,25.65,26.72,-0.58,L
1909,9,25.22,26.74,25.8,26.8,-0.86,L
1909,10,24.73,26.75,25.91,27.02,-0.92,L
1909,11,24.84,26.77,26.06,27.15,-1.01,L
1909,12,24.81,26.62,26.04,27.12,-0.81,L
1910,1,25.22,26.61,26.1,27.09,-0.8,L
1910,2,24.99,26.8,26.24,27.25,-0.77,L
1910,3,25.5,27.31,26.4,27.59,-0.99,L
1910,4,25.94,27.9,26.71,27.85,-0.99,L
1910,5,26.2,27.98,26.73,27.78,-0.88,L
1910,6,26.48,27.76,26.5,27.37,-0.58,L
1910,7,26.09,27.31,25.95,26.92,-0.35,N
1910,8,25.67,26.9,25.71,26.72,-0.47,N
1910,9,25.06,26.74,25.83,26.8,-0.66,L
1910,10,25.04,26.75,26.02,27.02,-0.74,L
1910,11,25.31,26.77,26.11,27.15,-0.56,L
1910,12,25.37,26.62,26.13,27.12,-0.34,N
1911,1,25.59,26.61,26.24,27.09,-0.27,N
1911,2,25.56,26.8,26.22,27.25,-0.12,N
1911,3,26.37,27.31,26.57,27.59,-0.23,N
1911,4,26.33,27.9,26.67,27.85,0,N
1911,5,27.13,27.98,26.63,27.78,0.09,N
1911,6,27.01,27.76,26.32,27.37,0.62,E
1911,7,27.17,27.31,25.92,26.92,0.83,E
1911,8,26.9,26.9,25.79,26.72,1.14,E
1911,9,27.11,26.74,26.08,26.8,1.2,E
1911,10,27,26.75,26.27,27.02,1.58,E
1911,11,27.95,26.77,26.53,27.15,1.61,E
1911,12,27.14,26.62,26.48,27.12,1.85,E
1912,1,27.58,26.61,26.53,27.09,1.7,E
1912,2,27.6,26.8,26.7,27.25,1.42,E
1912,3,27.14,27.31,27,27.59,1.33,E
1912,4,28.66,27.9,27.37,27.85,1,E
1912,5,27.79,27.98,27.05,27.78,0.73,E
1912,6,26.94,27.76,26.7,27.37,0.35,N
1912,7,27.03,27.31,26.22,26.92,0.06,N
1912,8,25.96,26.9,25.9,26.72,0.34,N
1912,9,26.63,26.74,26.12,26.8,0.27,N
1912,10,26.24,26.75,26.25,27.02,0.33,N
1912,11,26.02,26.77,26.4,27.15,0.14,N
1912,12,25.95,26.62,26.36,27.12,0.12,N
1913,1,26.05,26.61,26.33,27.09,0.16,N
1913,2,26.28,26.8,26.64,27.25,0.32,N
1913,3,26.94,27.31,26.78,27.59,0.31,N
1913,4,27.15,27.9,26.95,27.85,0.43,N
1913,5,27.55,27.98,27,27.78,0.28,N
1913,6,27.08,27.76,26.57,27.37,0.45,N
1913,7,27.17,27.31,26.2,26.92,0.61,E
1913,8,26.97,26.9,25.97,26.72,0.71,E
1913,9,26.26,26.74,25.93,26.8,0.61,E
1913,10,26.4,26.75,26.32,27.02,0.52,E
1913,11,26.69,26.77,26.53,27.15,0.81,E
1913,12,27.2,26.62,26.61,27.12,1.1,E
1914,1,27.14,26.61,26.59,27.09,1.52,E
1914,2,27.81,26.8,26.76,27.25,1.38,E
1914,3,27.35,27.31,26.95,27.59,1.25,E
1914,4,28,27.9,27.32,27.85,0.76,E
1914,5,27.69,27.98,27.14,27.78,0.82,E
1914,6,27.93,27.76,26.7,27.37,0.66,E
1914,7,27,27.31,26.24,26.92,0.95,E
1914,8,27.47,26.9,26.12,26.72,1.22,E
1914,9,27.77,26.74,26.27,26.8,1.42,E
1914,10,27.01,26.75,26.43,27.02,1.27,E
1914,11,27.12,26.77,26.76,27.15,1.16,E
1914,12,27.46,26.62,26.69,27.12,1.13,E
1915,1,26.77,26.61,26.5,27.09,1.06,E
1915,2,26.73,26.8,26.67,27.25,0.77,E
1915,3,27.47,27.31,27.22,27.59,0.51,E
1915,4,27.56,27.9,27.4,27.85,0.94,E
1915,5,28.91,27.98,27.3,27.78,0.86,E
1915,6,27.65,27.76,26.87,27.37,1.13,E
1915,7,27.83,27.31,26.58,26.92,0.47,N
1915,8,26.43,26.9,26.31,26.72,0.22,N
1915,9,26.02,26.74,26.32,26.8,-0.08,N
1915,10,26.23,26.75,26.4,27.02,-0.11,N
1915,11,26.01,26.77,26.53,27.15,-0.35,N
1915,12,25.07,26.62,26.38,27.12,-0.47,N
1916,1,25.8,26.61,26.48,27.09,-0.1,N
1916,2,26.89,26.8,26.57,27.25,0.13,N
1916,3,26.24,27.31,26.78,27.59,0.48,N
1916,4,27.75,27.9,27.14,27.85,0.08,N
1916,5,27.03,27.98,26.96,27.78,0.22,N
1916,6,27.02,27.76,26.57,27.37,-0.36,N
1916,7,25.61,27.31,26.01,26.92,-0.58,L
1916,8,25.24,26.9,25.78,26.72,-0.71,L
1916,9,25.58,26.74,25.91,26.8,-1.04,L
1916,10,24.03,26.75,25.91,27.02,-1.1,L
1916,11,24.86,26.77,26.09,27.15,-1.43,L
1916,12,24.38,26.62,25.93,27.12,-1.33,L
1917,1,23.91,26.61,25.74,27.09,-1.62,L
1917,2,24.06,26.8,25.98,27.25,-1.28,L
1917,3,25.79,27.31,26.27,27.59,-0.44,N
1917,4,27.53,27.9,26.81,27.85,0.36,N
1917,5,27.17,27.98,26.67,27.78,0.21,N
1917,6,26.29,27.76,26.42,27.37,-0.22,N
1917,7,26.22,27.31,26.14,26.92,-0.08,N
1917,8,26.83,26.9,26.01,26.72,0.14,N
1917,9,25.9,26.74,25.94,26.8,0.42,N
1917,10,26.26,26.75,26.11,27.02,-0.21,N
1917,11,24.73,26.77,26.07,27.15,-0.37,N
1917,12,25.31,26.62,26.18,27.12,-0.62,L
1918,1,25.54,26.61,26.21,27.09,-0.18,N
1918,2,25.86,26.8,26.19,27.25,-0.01,N
1918,3,26.32,27.31,26.55,27.59,0.28,N
1918,4,27.41,27.9,26.9,27.85,0.47,N
1918,5,27.63,27.98,26.9,27.78,0.9,E
1918,6,27.82,27.76,26.41,27.37,0.87,E
1918,7,27.15,27.31,26.24,26.92,0.89,E
1918,8,26.79,26.9,25.92,26.72,1.25,E
1918,9,28.08,26.74,26.18,26.8,1.19,E
1918,10,26.6,26.75,26.53,27.02,1.38,E
1918,11,27.51,26.77,26.78,27.15,1.04,E
1918,12,27.4,26.62,26.8,27.12,1.23,E
1919,1,26.94,26.61,26.62,27.09,0.95,E
1919,2,26.78,26.8,26.87,27.25,0.76,E
1919,3,27.34,27.31,27,27.59,0.65,E
1919,4,27.85,27.9,27.32,27.85,0.53,E
1919,5,27.3,27.98,27.04,27.78,0.55,E
1919,6,27.75,27.76,26.68,27.37,0.64,E
1919,7,27.29,27.31,26.12,26.92,0.75,E
1919,8,26.49,26.9,25.87,26.72,1.12,E
1919,9,27.76,26.74,26.2,26.8,0.91,E
1919,10,26.13,26.75,26.17,27.02,1.02,E
1919,11,26.64,26.77,26.36,27.15,1.17,E
1919,12,27.89,26.62,26.4,27.12,1.53,E
1920,1,27.09,26.61,26.49,27.09,1.3,E
1920,2,26.2,26.8,26.63,27.25,0.86,E
1920,3,27.75,27.31,27.14,27.59,0.56,E
1920,4,27.48,27.9,27.08,27.85,0.59,E
1920,5,27.35,27.98,27.1,27.78,0.52,E
1920,6,27.79,27.76,26.65,27.37,0.7,E
1920,7,27.47,27.31,26.22,26.92,0.7,E
1920,8,26.23,26.9,25.9,26.72,0.8,E
1920,9,27.19,26.74,26.21,26.8,0.57,E
1920,10,26.34,26.75,26.35,27.02,0.49,N
1920,11,25.96,26.77,26.42,27.15,0.01,N
1920,12,25.71,26.62,26.37,27.12,-0.11,N
1921,1,25.92,26.61,26.44,27.09,-0.2,N
1921,2,25.82,26.8,26.55,27.25,-0.51,L
1921,3,25.46,27.31,26.6,27.59,-0.54,L
1921,4,27.08,27.9,27.08,27.85,-0.52,L
1921,5,26.88,27.98,26.89,27.78,-0.2,N
1921,6,26.77,27.76,26.57,27.37,-0.15,N
1921,7,26.67,27.31,26.23,26.92,-0.02,N
1921,8,26.2,26.9,25.93,26.72,0.26,N
1921,9,26.59,26.74,26.11,26.8,0.2,N
1921,10,25.99,26.75,26.38,27.02,0,N
1921,11,25.66,26.77,26.45,27.15,0.1,N
1921,12,26.86,26.62,26.59,27.12,-0.02,N
1922,1,25.34,26.61,26.23,27.09,0.21,N
1922,2,26.3,26.8,26.6,27.25,0.16,N
1922,3,27.32,27.31,26.98,27.59,0.37,N
1922,4,27.14,27.9,27.03,27.85,0.27,N
1922,5,27.04,27.98,26.93,27.78,-0.13,N
1922,6,26.58,27.76,26.43,27.37,-0.21,N
1922,7,26.27,27.31,26.05,26.92,-0.32,N
1922,8,25.57,26.9,25.78,26.72,-0.23,N
1922,9,25.87,26.74,25.94,26.8,-0.34,N
1922,10,25.52,26.75,26.22,27.02,-0.28,N
1922,11,25.74,26.77,26.36,27.15,-0.33,N
1922,12,25.69,26.62,26.33,27.12,-0.36,N
1923,1,25.26,26.61,26.26,27.09,-0.41,N
1923,2,25.62,26.8,26.4,27.25,-0.39,N
1923,3,26.25,27.31,26.6,27.59,-0.05,N
1923,4,27.42,27.9,27.07,27.85,0.3,N
1923,5,27.57,27.98,26.94,27.78,0.53,E
1923,6,27.42,27.76,26.57,27.37,0.51,E
1923,7,26.84,27.31,26.13,26.92,0.64,E
1923,8,26.85,26.9,25.83,26.72,0.83,E
1923,9,26.95,26.74,26.05,26.8,1.01,E
1923,10,26.79,26.75,26.3,27.02,1.05,E
1923,11,27.13,26.77,26.62,27.15,0.99,E
1923,12,26.99,26.62,26.71,27.12,0.93,E
1924,1,26.6,26.61,26.49,27.09,0.82,E
1924,2,26.93,26.8,26.79,27.25,0.54,E
1924,3,26.82,27.31,27.02,27.59,0.16,N
1924,4,27.1,27.9,27.36,27.85,-0.28,N
1924,5,26.97,27.98,27.15,27.78,-0.45,N
1924,6,26.71,27.76,26.64,27.37,-0.6,L
1924,7,25.79,27.31,26.13,26.92,-0.48,N
1924,8,25.84,26.9,25.81,26.72,-0.58,L
1924,9,25.27,26.74,25.9,26.8,-0.51,L
1924,10,25.28,26.75,26.08,27.02,-0.72,L
1924,11,25.06,26.77,26.12,27.15,-0.61,L
1924,12,25.24,26.62,26.03,27.12,-0.68,L
1925,1,24.87,26.61,26.05,27.09,-0.39,N
1925,2,25.92,26.8,26.34,27.25,-0.21,N
1925,3,26.67,27.31,26.8,27.59,0.08,N
1925,4,27,27.9,26.94,27.85,-0.02,N
1925,5,27,27.98,26.99,27.78,0.01,N
1925,6,27.25,27.76,26.66,27.37,0.13,N
1925,7,27.06,27.31,26.36,26.92,0.43,N
1925,8,26.88,26.9,26.13,26.72,0.56,E
1925,9,26.68,26.74,26.19,26.8,0.76,E
1925,10,26.91,26.75,26.38,27.02,0.97,E
1925,11,27.4,26.77,26.73,27.15,1.18,E
1925,12,27.27,26.62,26.73,27.12,1.18,E
1926,1,27.04,26.61,26.75,27.09,1.13,E
1926,2,27.28,26.8,26.84,27.25,1.09,E
1926,3,27.86,27.31,27.24,27.59,1.12,E
1926,4,28.26,27.9,27.47,27.85,1.08,E
1926,5,28.27,27.98,27.35,27.78,0.73,E
1926,6,27.43,27.76,26.88,27.37,0.51,E
1926,7,27.13,27.31,26.4,26.92,0.15,N
1926,8,26.27,26.9,26.2,26.72,0.07,N
1926,9,26.17,26.74,26.27,26.8,-0.39,N
1926,10,25.33,26.75,26.42,27.02,-0.56,L
1926,11,25.61,26.77,26.51,27.15,-0.65,L
1926,12,25.8,26.62,26.55,27.12,-0.38,N
1927,1,25.78,26.61,26.44,27.09,-0.15,N
1927,2,26.32,26.8,26.72,27.25,-0.1,N
1927,3,26.49,27.31,26.88,27.59,-0.19,N
1927,4,26.8,27.9,27.12,27.85,-0.27,N
1927,5,27.07,27.98,26.96,27.78,-0.13,N
1927,6,27.2,27.76,26.65,27.37,-0.07,N
1927,7,26.37,27.31,26.21,26.92,-0.06,N
1927,8,26.18,26.9,26.06,26.72,-0.08,N
1927,9,26.19,26.74,26.15,26.8,0.21,N
1927,10,26.71,26.75,26.47,27.02,0.14,N
1927,11,26.02,26.77,26.66,27.15,0.13,N
1927,12,26.22,26.62,26.64,27.12,0.04,N
1928,1,26.43,26.61,26.65,27.09,0.31,N
1928,2,26.67,26.8,26.75,27.25,0.22,N
1928,3,26.51,27.31,26.93,27.59,0.24,N
1928,4,27.51,27.9,27.16,27.85,0.11,N
1928,5,27.33,27.98,27.04,27.78,0.17,N
1928,6,26.95,27.76,26.57,27.37,0.13,N
1928,7,26.78,27.31,26.17,26.92,0.21,N
1928,8,26.42,26.9,25.91,26.72,0.26,N
1928,9,26.06,26.74,25.99,26.8,0.3,N
1928,10,26.27,26.75,26.24,27.02,0.22,N
1928,11,26.14,26.77,26.41,27.15,0.2,N
1928,12,25.96,26.62,26.37,27.12,0.04,N
1929,1,25.68,26.61,26.26,27.09,-0.18,N
1929,2,25.53,26.8,26.4,27.25,-0.21,N
1929,3,26.59,27.31,26.84,27.59,-0.23,N
1929,4,27.03,27.9,27.09,27.85,0.04,N
1929,5,27.27,27.98,26.89,27.78,0.18,N
1929,6,27.27,27.76,26.53,27.37,0.37,N
1929,7,26.82,27.31,26.08,26.92,0.38,N
1929,8,26.43,26.9,26,26.72,0.55,E
1929,9,26.85,26.74,26.12,26.8,0.58,E
1929,10,26.45,26.75,26.3,27.02,0.67,E
1929,11,26.58,26.77,26.52,27.15,0.5,N
1929,12,26.29,26.62,26.43,27.12,0.63,E
1930,1,26.71,26.61,26.45,27.09,0.68,E
1930,2,26.63,26.8,26.57,27.25,0.8,E
1930,3,27.23,27.31,26.89,27.59,0.71,E
1930,4,27.77,27.9,27.24,27.85,0.95,E
1930,5,28.26,27.98,27.09,27.78,0.85,E
1930,6,27.47,27.76,26.65,27.37,0.97,E
1930,7,27.56,27.31,26.28,26.92,0.82,E
1930,8,27,26.9,26.08,26.72,1.14,E
1930,9,27.53,26.74,26.33,26.8,1.25,E
1930,10,27.51,26.75,26.63,27.02,1.57,E
1930,11,27.98,26.77,26.88,27.15,1.62,E
1930,12,27.6,26.62,26.75,27.12,1.68,E
1931,1,27.6,26.61,26.82,27.09,1.51,E
1931,2,27.51,26.8,26.96,27.25,1.31,E
1931,3,27.83,27.31,27.29,27.59,1.06,E
1931,4,28.05,27.9,27.42,27.85,0.87,E
1931,5,28.09,27.98,27.39,27.78,0.54,E
1931,6,27.45,27.76,26.95,27.37,0.27,N
1931,7,26.86,27.31,26.47,26.92,0.17,N
1931,8,26.64,26.9,26.16,26.72,-0.09,N
1931,9,25.65,26.74,26.25,26.8,-0.35,N
1931,10,25.49,26.75,26.4,27.02,-0.61,L
1931,11,25.77,26.77,26.49,27.15,-0.57,L
1931,12,25.54,26.62,26.46,27.12,-0.55,L
1932,1,25.31,26.61,26.39,27.09,-0.5,N
1932,2,25.96,26.8,26.59,27.25,-0.23,N
1932,3,26.99,27.31,27.03,27.59,0.2,N
1932,4,27.65,27.9,27.21,27.85,0.46,N
1932,5,27.73,27.98,27.15,27.78,0.45,N
1932,6,27.29,27.76,26.67,27.37,0.34,N
1932,7,26.75,27.31,26.17,26.92,0.09,N
1932,8,26.05,26.9,26.05,26.72,0.01,N
1932,9,26.15,26.74,26.18,26.8,-0.04,N
1932,10,25.97,26.75,26.17,27.02,0.16,N
1932,11,26.35,26.77,26.44,27.15,0.13,N
1932,12,25.88,26.62,26.42,27.12,0.06,N
1933,1,25.9,26.61,26.48,27.09,-0.14,N
1933,2,25.96,26.8,26.62,27.25,-0.2,N
1933,3,26.45,27.31,26.91,27.59,-0.26,N
1933,4,26.95,27.9,27.1,27.85,-0.35,N
1933,5,26.81,27.98,26.98,27.78,-0.5,N
1933,6,26.35,27.76,26.49,27.37,-0.58,L
1933,7,25.93,27.31,26.02,26.92,-0.67,L
1933,8,25.39,26.9,25.87,26.72,-0.75,L
1933,9,25.06,26.74,25.87,26.8,-0.79,L
1933,10,25.3,26.75,26.13,27.02,-0.92,L
1933,11,24.83,26.77,26.18,27.15,-1.03,L
1933,12,24.64,26.62,26.15,27.12,-1.02,L
1934,1,25.14,26.61,26.14,27.09,-0.81,L
1934,2,25.48,26.8,26.34,27.25,-0.56,L
1934,3,25.96,27.31,26.63,27.59,-0.3,N
1934,4,27.23,27.9,27.05,27.85,-0.06,N
1934,5,27.24,27.98,26.92,27.78,0.13,N
1934,6,27.12,27.76,26.68,27.37,0.21,N
1934,7,26.97,27.31,26.25,26.92,0.14,N
1934,8,26.23,26.9,26.06,26.72,0.05,N
1934,9,25.95,26.74,26.19,26.8,-0.16,N
1934,10,25.84,26.75,26.33,27.02,-0.1,N
1934,11,26.26,26.77,26.5,27.15,-0.03,N
1934,12,25.91,26.62,26.43,27.12,-0.05,N
1935,1,25.66,26.61,26.4,27.09,-0.09,N
1935,2,26.15,26.8,26.54,27.25,-0.07,N
1935,3,26.57,27.31,26.82,27.59,-0.11,N
1935,4,26.82,27.9,27.11,27.85,-0.27,N
1935,5,26.95,27.98,27.03,27.78,-0.28,N
1935,6,27.04,27.76,26.64,27.37,-0.12,N
1935,7,26.51,27.31,26.13,26.92,0.06,N
1935,8,26.37,26.9,26.03,26.72,0.17,N
1935,9,26.31,26.74,26.1,26.8,0.3,N
1935,10,26.42,26.75,26.36,27.02,0.37,N
1935,11,26.47,26.77,26.54,27.15,0.26,N
1935,12,25.96,26.62,26.48,27.12,0.31,N
1936,1,26.45,26.61,26.47,27.09,0.35,N
1936,2,26.62,26.8,26.69,27.25,0.38,N
1936,3,26.74,27.31,26.98,27.59,0.18,N
1936,4,27.34,27.9,27.3,27.85,0.13,N
1936,5,27.63,27.98,27.16,27.78,0.1,N
1936,6,26.92,27.76,26.58,27.37,0.03,N
1936,7,26.41,27.31,26.17,26.92,-0.08,N
1936,8,26.27,26.9,26.1,26.72,-0.09,N
1936,9,26.08,26.74,26.2,26.8,-0.03,N
1936,10,26.16,26.75,26.42,27.02,-0.1,N
1936,11,25.91,26.77,26.48,27.15,-0.09,N
1936,12,25.94,26.62,26.48,27.12,-0.24,N
1937,1,25.54,26.61,26.39,27.09,-0.1,N
1937,2,26.48,26.8,26.77,27.25,0.03,N
1937,3,27.14,27.31,27.14,27.59,0.17,N
1937,4,27.3,27.9,27.3,27.85,0,N
1937,5,27.21,27.98,27.22,27.78,-0.23,N
1937,6,26.98,27.76,26.83,27.37,-0.26,N
1937,7,26.63,27.31,26.41,26.92,-0.16,N
1937,8,26.38,26.9,26.19,26.72,0.01,N
1937,9,26.44,26.74,26.31,26.8,0.03,N
1937,10,26.06,26.75,26.44,27.02,0.07,N
1937,11,26.35,26.77,26.64,27.15,-0.06,N
1937,12,26.05,26.62,26.68,27.12,-0.23,N
1938,1,25.48,26.61,26.49,27.09,-0.4,N
1938,2,25.98,26.8,26.73,27.25,-0.63,L
1938,3,26.03,27.31,26.97,27.59,-0.5,N
1938,4,26.98,27.9,27.08,27.85,-0.4,N
1938,5,27.14,27.98,27,27.78,-0.34,N
1938,6,26.42,27.76,26.59,27.37,-0.65,L
1938,7,25.54,27.31,26.09,26.92,-1.15,L
1938,8,24.64,26.9,25.85,26.72,-1.13,L
1938,9,25.43,26.74,26.02,26.8,-0.89,L
1938,10,25.76,26.75,26.32,27.02,-0.57,L
1938,11,25.4,26.77,26.36,27.15,-0.53,L
1938,12,25.28,26.62,26.21,27.12,-0.76,L
1939,1,24.94,26.61,26.27,27.09,-0.41,N
1939,2,26.34,26.8,26.49,27.25,-0.37,N
1939,3,26.11,27.31,26.72,27.59,0.09,N
1939,4,27.42,27.9,27.14,27.85,0.01,N
1939,5,27.39,27.98,27.06,27.78,0.25,N
1939,6,27.34,27.76,26.75,27.37,0.35,N
1939,7,27.3,27.31,26.42,26.92,0.33,N
1939,8,26.5,26.9,26.18,26.72,0.44,N
1939,9,26.9,26.74,26.46,26.8,0.33,N
1939,10,26.39,26.75,26.45,27.02,0.39,N
1939,11,26.56,26.77,26.7,27.15,0.09,N
1939,12,26.04,26.62,26.78,27.12,0.26,N
1940,1,27.14,26.61,27,27.09,0.73,E
1940,2,28.1,26.8,27.19,27.25,1.12,E
1940,3,27.69,27.31,27.34,27.59,0.94,E
1940,4,27.77,27.9,27.61,27.85,0.56,E
1940,5,28.28,27.98,27.61,27.78,0.41,N
1940,6,27.77,27.76,27.05,27.37,0.32,N
1940,7,26.89,27.31,26.56,26.92,0.52,E
1940,8,27.78,26.9,26.58,26.72,0.43,N
1940,9,26.73,26.74,26.66,26.8,0.69,E
1940,10,27.18,26.75,26.87,27.02,0.64,E
1940,11,27.48,26.77,26.99,27.15,1.15,E
1940,12,27.88,26.62,27.01,27.12,1.43,E
1941,1,27.92,26.61,27.15,27.09,1.7,E
1941,2,28.3,26.8,27.32,27.25,1.38,E
1941,3,27.9,27.31,27.64,27.59,1.19,E
1941,4,28.62,27.9,27.86,27.85,0.82,E
1941,5,28.37,27.98,27.64,27.78,0.71,E
1941,6,28.07,27.76,27.35,27.37,0.56,E
1941,7,27.74,27.31,26.91,26.92,0.47,N
1941,8,27.19,26.9,26.6,26.72,0.58,E
1941,9,27.2,26.74,26.63,26.8,0.5,N
1941,10,27.11,26.75,27.16,27.02,0.57,E
1941,11,27.41,26.77,27.23,27.15,0.78,E
1941,12,27.94,26.62,27.3,27.12,0.95,E
1942,1,27.07,26.61,26.95,27.09,0.88,E
1942,2,26.93,26.8,27.03,27.25,0.55,E
1942,3,27.35,27.31,27.32,27.59,0.52,E
1942,4,28.1,27.9,27.56,27.85,0.31,N
1942,5,27.53,27.98,27.47,27.78,-0.03,N
1942,6,26.87,27.76,26.91,27.37,-0.51,L
1942,7,26.18,27.31,26.44,26.92,-0.83,L
1942,8,25.34,26.9,26.17,26.72,-1.21,L
1942,9,24.72,26.74,26.18,26.8,-1.45,L
1942,10,24.84,26.75,26.33,27.02,-1.61,L
1942,11,24.72,26.77,26.46,27.15,-1.4,L
1942,12,25.14,26.62,26.5,27.12,-1.45,L
1943,1,24.71,26.61,26.51,27.09,-1.41,L
1943,2,25.07,26.8,26.71,27.25,-1.46,L
1943,3,25.72,27.31,26.93,27.59,-1.19,L
1943,4,26.75,27.9,27.25,27.85,-0.85,L
1943,5,27.15,27.98,27.31,27.78,-0.43,N
1943,6,27.24,27.76,26.9,27.37,-0.14,N
1943,7,26.91,27.31,26.45,26.92,0.15,N
1943,8,26.86,26.9,26.34,26.72,0.14,N
1943,9,26.14,26.74,26.25,26.8,-0.07,N
1943,10,25.91,26.75,26.63,27.02,-0.35,N
1943,11,25.99,26.77,26.73,27.15,-0.46,N
1943,12,25.85,26.62,26.68,27.12,-0.43,N
1944,1,25.72,26.61,26.56,27.09,-0.28,N
1944,2,26.47,26.8,26.9,27.25,-0.18,N
1944,3,26.99,27.31,27.35,27.59,0.1,N
1944,4,27.97,27.9,27.63,27.85,0.09,N
1944,5,27.72,27.98,27.52,27.78,0.17,N
1944,6,27.74,27.76,27.26,27.37,0.06,N
1944,7,27.25,27.31,26.82,26.92,0.05,N
1944,8,26.64,26.9,26.47,26.72,-0.31,N
1944,9,25.64,26.74,26.51,26.8,-0.66,L
1944,10,25.61,26.75,26.71,27.02,-0.83,L
1944,11,25.74,26.77,26.55,27.15,-0.71,L
1944,12,25.95,26.62,26.93,27.12,-0.7,L
1945,1,25.62,26.61,26.91,27.09,-1.05,L
1945,2,25.5,26.8,27.16,27.25,-1.24,L
1945,3,26.13,27.31,27.31,27.59,-1.29,L
1945,4,26.88,27.9,27.6,27.85,-1.11,L
1945,5,26.95,27.98,27.48,27.78,-0.44,N
1945,6,28.06,27.76,27.13,27.37,-0.41,N
1945,7,26.07,27.31,26.47,26.92,-0.27,N
1945,8,26.27,26.9,26.51,26.72,-0.66,L
1945,9,25.92,26.74,26.42,26.8,-0.55,L
1945,10,25.95,26.75,26.72,27.02,-0.62,L
1945,11,25.8,26.77,26.78,27.15,-0.44,N
1945,12,26.37,26.62,26.86,27.12,-0.36,N
1946,1,26.05,26.61,26.81,27.09,-0.38,N
1946,2,25.82,26.8,26.91,27.25,-0.45,N
1946,3,26.86,27.31,27.28,27.59,-0.51,L
1946,4,27.09,27.9,27.4,27.85,-0.18,N
1946,5,27.43,27.98,27.11,27.78,-0.09,N
1946,6,27.1,27.76,26.67,27.37,0.04,N
1946,7,26.58,27.31,26.25,26.92,-0.33,N
1946,8,25.46,26.9,26.07,26.72,0.05,N
1946,9,27.39,26.74,26.46,26.8,0.23,N
1946,10,26.69,26.75,26.59,27.02,0.67,E
1946,11,26.5,26.77,26.6,27.15,0.18,N
1946,12,25.9,26.62,26.62,27.12,0.22,N
1947,1,26.69,26.61,26.71,27.09,0.18,N
1947,2,26.49,26.8,26.76,27.25,0.3,N
1947,3,26.89,27.31,27.12,27.59,0.28,N
1947,4,27.79,27.9,27.34,27.85,0.07,N
1947,5,27.08,27.98,27.19,27.78,0.27,N
1947,6,27.76,27.76,26.86,27.37,0.16,N
1947,7,26.95,27.31,26.38,26.92,0.26,N
1947,8,26.21,26.9,26.08,26.72,0,N
1947,9,25.94,26.74,26.12,26.8,-0.28,N
1947,10,25.45,26.75,26.25,27.02,-0.53,L
1947,11,25.4,26.77,26.45,27.15,-0.33,N
1947,12,26.43,26.62,26.54,27.12,-0.02,N
1948,1,26.18,26.61,26.42,27.09,0.51,E
1948,2,26.86,26.8,26.71,27.25,0.66,E
1948,3,27.51,27.31,27.1,27.59,0.78,E
1948,4,27.73,27.9,27.23,27.85,0.82,E
1948,5,28.13,27.98,27.29,27.78,0.56,E
1948,6,27.38,27.76,26.82,27.37,0.53,E
1948,7,27.14,27.31,26.31,26.92,0.27,N
1948,8,26.43,26.9,26.18,26.72,0.24,N
1948,9,26.06,26.74,26.02,26.8,-0.14,N
1948,10,25.5,26.75,26.28,27.02,-0.45,N
1948,11,25.32,26.77,26.41,27.15,-0.24,N
1948,12,26.68,26.62,26.55,27.12,0.02,N
1949,1,26.09,26.61,26.47,27.09,0.51,E
1949,2,26.78,26.8,26.76,27.25,0.11,N
1949,3,26.31,27.31,26.93,27.59,0.21,N
1949,4,27.65,27.9,27.25,27.85,0.31,N
1949,5,28.04,27.98,27.17,27.78,0.13,N
1949,6,26.33,27.76,26.67,27.37,-0.04,N
1949,7,26.65,27.31,26.33,26.92,-0.31,N
1949,8,26.32,26.9,26.13,26.72,-0.04,N
1949,9,25.92,26.74,26.01,26.8,-0.07,N
1949,10,25.9,26.75,26.29,27.02,-0.49,N
1949,11,24.89,26.77,26.34,27.15,-0.82,L
1949,12,25.09,26.62,26.42,27.12,-1.22,L
1950,1,24.86,26.61,26.41,27.09,-1.19,L
1950,2,25.11,26.8,26.5,27.25,-1.08,L
1950,3,26.12,27.31,26.92,27.59,-0.97,L
1950,4,26.42,27.9,27.08,27.85,-1.02,L
1950,5,26.18,27.98,26.96,27.78,-1,L
1950,6,26.45,27.76,26.6,27.37,-0.73,L
1950,7,26.35,27.31,26.18,26.92,-0.38,N
1950,8,25.94,26.9,25.95,26.72,-0.32,N
1950,9,25.55,26.74,26.01,26.8,-0.29,N
1950,10,25.8,26.75,26.2,27.02,-0.38,N
1950,11,25.46,26.77,26.25,27.15,-0.36,N
1950,12,25.42,26.62,26.26,27.12,-0.5,N
1951,1,25.37,26.61,26.32,27.09,-0.28,N
1951,2,26.23,26.8,26.54,27.25,0.08,N
1951,3,27.02,27.31,26.79,27.59,0.48,N
1951,4,27.66,27.9,27.16,27.85,0.64,E
1951,5,27.78,27.98,27.13,27.78,0.6,E
1951,6,27.73,27.76,26.89,27.37,0.7,E
1951,7,27.67,27.31,26.51,26.92,0.8,E
1951,8,27.34,26.9,26.34,26.72,0.97,E
1951,9,27.24,26.74,26.41,26.8,1.05,E
1951,10,27.46,26.75,26.78,27.02,0.99,E
1951,11,27.07,26.77,26.84,27.15,0.94,E
1951,12,27.03,26.62,26.76,27.12,0.72,E
1952,1,26.63,26.61,26.74,27.09,0.66,E
1952,2,26.92,26.8,26.95,27.25,0.35,N
1952,3,26.93,27.31,27.21,27.59,0.46,N
1952,4,28.14,27.9,27.46,27.85,0.24,N
1952,5,27.45,27.98,27.34,27.78,-0.05,N
1952,6,26.56,27.76,26.82,27.37,-0.46,N
1952,7,26.35,27.31,26.31,26.92,-0.4,N
1952,8,26.34,26.9,26.16,26.72,-0.13,N
1952,9,26.25,26.74,26.3,26.8,0.09,N
1952,10,26.46,26.75,26.52,27.02,0.04,N
1952,11,26.08,26.77,26.58,27.15,-0.09,N
1952,12,25.79,26.62,26.61,27.12,0.1,N
1953,1,26.91,26.61,26.7,27.09,0.41,N
1953,2,27.05,26.8,26.91,27.25,0.68,E
1953,3,27.22,27.31,27.2,27.59,0.68,E
1953,4,28.19,27.9,27.49,27.85,0.74,E
1953,5,28.24,27.98,27.38,27.78,0.97,E
1953,6,28.23,27.76,27,27.37,0.85,E
1953,7,27.41,27.31,26.52,26.92,0.68,E
1953,8,26.84,26.9,26.3,26.72,0.73,E
1953,9,27.33,26.74,26.39,26.8,0.66,E
1953,10,26.57,26.75,26.54,27.02,0.84,E
1953,11,27.11,26.77,26.71,27.15,0.58,E
1953,12,26.54,26.62,26.7,27.12,0.67,E
1954,1,26.63,26.61,26.61,27.09,0.64,E
1954,2,27.06,26.8,26.83,27.25,0.64,E
1954,3,27.05,27.31,27.03,27.59,0.34,N
1954,4,26.95,27.9,27.12,27.85,-0.01,N
1954,5,27.15,27.98,27.05,27.78,-0.24,N
1954,6,26.81,27.76,26.64,27.37,-0.21,N
1954,7,26.27,27.31,26.08,26.92,-0.45,N
1954,8,25.49,26.9,26.02,26.72,-0.62,L
1954,9,25.29,26.74,26,26.8,-0.54,L
1954,10,25.99,26.75,26.24,27.02,-0.3,N
1954,11,25.84,26.77,26.34,27.15,-0.09,N
1954,12,25.65,26.62,26.26,27.12,-0.18,N
1955,1,25.8,26.61,26.48,27.09,-0.11,N
1955,2,26.06,26.8,26.47,27.25,-0.13,N
1955,3,26.39,27.31,26.83,27.59,-0.12,N
1955,4,26.82,27.9,26.92,27.85,-0.38,N
1955,5,26.47,27.98,26.78,27.78,-0.35,N
1955,6,26.72,27.76,26.46,27.37,-0.52,L
1955,7,25.84,27.31,26.05,26.92,-0.4,N
1955,8,25.86,26.9,25.94,26.72,-0.69,L
1955,9,25.09,26.74,26.02,26.8,-0.89,L
1955,10,24.7,26.75,26.06,27.02,-1.31,L
1955,11,24.56,26.77,26.23,27.15,-1.4,L
1955,12,24.65,26.62,26.21,27.12,-1.3,L
1956,1,24.98,26.61,26.31,27.09,-0.82,L
1956,2,25.99,26.8,26.51,27.25,-0.41,N
1956,3,26.49,27.31,26.83,27.59,-0.12,N
1956,4,26.93,27.9,27.02,27.85,-0.09,N
1956,5,27.12,27.98,26.91,27.78,-0.02,N
1956,6,26.97,27.76,26.51,27.37,-0.01,N
1956,7,26.34,27.31,26.07,26.92,-0.15,N
1956,8,25.82,26.9,25.96,26.72,-0.18,N
1956,9,25.93,26.74,25.98,26.8,-0.12,N
1956,10,25.97,26.75,26.23,27.02,-0.13,N
1956,11,25.65,26.77,26.39,27.15,-0.14,N
1956,12,25.98,26.62,26.48,27.12,-0.16,N
1957,1,25.97,26.61,26.51,27.09,0,N
1957,2,26.38,26.8,26.78,27.25,0.21,N
1957,3,27.36,27.31,27.14,27.59,0.53,E
1957,4,28.16,27.9,27.47,27.85,0.85,E
1957,5,28.46,27.98,27.53,27.78,0.9,E
1957,6,28.04,27.76,27.02,27.37,0.91,E
1957,7,27.79,27.31,26.6,26.92,1.04,E
1957,8,27.83,26.9,26.47,26.72,1.06,E
1957,9,27.11,26.74,26.46,26.8,1.15,E
1957,10,27.43,26.75,26.69,27.02,1.17,E
1957,11,27.63,26.77,26.83,27.15,1.46,E
1957,12,27.83,26.62,26.93,27.12,1.75,E
1958,1,28.17,26.61,26.96,27.09,1.9,E
1958,2,28.22,26.8,27.21,27.25,1.81,E
1958,3,28.27,27.31,27.47,27.59,1.34,E
1958,4,28.15,27.9,27.63,27.85,0.98,E
1958,5,28.18,27.98,27.41,27.78,0.68,E
1958,6,27.86,27.76,27.01,27.37,0.57,E
1958,7,27.27,27.31,26.58,26.92,0.45,N
1958,8,26.95,26.9,26.39,26.72,0.27,N
1958,9,26.38,26.74,26.43,26.8,0.23,N
1958,10,26.51,26.75,26.58,27.02,0.25,N
1958,11,26.71,26.77,26.7,27.15,0.37,N
1958,12,26.58,26.62,26.77,27.12,0.64,E
1959,1,27.18,26.61,26.81,27.09,0.78,E
1959,2,27.22,26.8,26.98,27.25,0.84,E
1959,3,27.42,27.31,27.26,27.59,0.65,E
1959,4,27.92,27.9,27.53,27.85,0.49,N
1959,5,27.92,27.98,27.42,27.78,0.33,N
1959,6,27.38,27.76,26.9,27.37,0.08,N
1959,7,26.59,27.31,26.41,26.92,-0.11,N
1959,8,26.26,26.9,26.23,26.72,-0.23,N
1959,9,26.09,26.74,26.35,26.8,-0.07,N
1959,10,26.52,26.75,26.6,27.02,0.04,N
1959,11,26.42,26.77,26.7,27.15,0.24,N
1959,12,26.49,26.62,26.69,27.12,0.22,N
1960,1,26.29,26.61,26.64,27.09,0.21,N
1960,2,26.45,26.8,26.84,27.25,0.19,N
1960,3,27.22,27.31,27.25,27.59,0.22,N
1960,4,27.64,27.9,27.41,27.85,0.26,N
1960,5,27.72,27.98,27.39,27.78,0.16,N
1960,6,27.26,27.76,26.82,27.37,0.06,N
1960,7,26.85,27.31,26.49,26.92,0.13,N
1960,8,26.7,26.9,26.2,26.72,0.2,N
1960,9,26.55,26.74,26.37,26.8,0.26,N
1960,10,26.32,26.75,26.48,27.02,0.08,N
1960,11,26.09,26.77,26.63,27.15,-0.07,N
1960,12,26.13,26.62,26.75,27.12,-0.08,N
1961,1,26.28,26.61,26.7,27.09,0.03,N
1961,2,26.64,26.8,26.97,27.25,0.08,N
1961,3,26.88,27.31,27.16,27.59,0.04,N
1961,4,27.44,27.9,27.42,27.85,0.07,N
1961,5,27.69,27.98,27.3,27.78,0.26,N
1961,6,27.73,27.76,26.92,27.37,0.31,N
1961,7,26.81,27.31,26.31,26.92,0.2,N
1961,8,26.27,26.9,26.12,26.72,-0.07,N
1961,9,25.88,26.74,26.18,26.8,-0.22,N
1961,10,25.87,26.75,26.42,27.02,-0.16,N
1961,11,26.31,26.77,26.57,27.15,-0.06,N
1961,12,26.11,26.62,26.59,27.12,0.02,N
1962,1,26.02,26.61,26.59,27.09,0,N
1962,2,26.35,26.8,26.75,27.25,0,N
1962,3,26.86,27.31,27.12,27.59,0,N
1962,4,27.29,27.9,27.31,27.85,-0.16,N
1962,5,27.13,27.98,27.22,27.78,-0.16,N
1962,6,27.22,27.76,26.84,27.37,-0.13,N
1962,7,26.84,27.31,26.46,26.92,0.02,N
1962,8,26.5,26.9,26.25,26.72,-0.1,N
1962,9,25.93,26.74,26.28,26.8,-0.14,N
1962,10,26.08,26.75,26.48,27.02,-0.3,N
1962,11,25.96,26.77,26.66,27.15,-0.29,N
1962,12,25.82,26.62,26.58,27.12,-0.36,N
1963,1,25.85,26.61,26.64,27.09,-0.29,N
1963,2,26.28,26.8,26.87,27.25,-0.13,N
1963,3,27.08,27.31,27.22,27.59,0.04,N
1963,4,27.61,27.9,27.47,27.85,0.07,N
1963,5,27.56,27.98,27.45,27.78,0.02,N
1963,6,27.4,27.76,26.97,27.37,0.4,N
1963,7,27.98,27.31,26.6,26.92,0.74,E
1963,8,27.47,26.9,26.45,26.72,1.09,E
1963,9,27.39,26.74,26.52,26.8,1.08,E
1963,10,27.41,26.75,26.74,27.02,1.07,E
1963,11,27.32,26.77,26.93,27.15,1.12,E
1963,12,27.45,26.62,26.91,27.12,1.07,E
1964,1,27.22,26.61,26.91,27.09,1.01,E
1964,2,27.12,26.8,26.99,27.25,0.62,E
1964,3,26.96,27.31,27.17,27.59,0.13,N
1964,4,27.04,27.9,27.35,27.85,-0.37,N
1964,5,26.81,27.98,27.13,27.78,-0.67,L
1964,6,26.55,27.76,26.77,27.37,-0.67,L
1964,7,26.26,27.31,26.31,26.92,-0.58,L
1964,8,25.77,26.9,25.98,26.72,-0.54,L
1964,9,25.43,26.74,26.03,26.8,-0.53,L
1964,10,25.61,26.75,26.27,27.02,-0.63,L
1964,11,25.29,26.77,26.32,27.15,-0.58,L
1964,12,25.35,26.62,26.23,27.12,-0.47,N
1965,1,25.73,26.61,26.34,27.09,-0.16,N
1965,2,26.34,26.8,26.67,27.25,0.1,N
1965,3,26.92,27.31,26.97,27.59,0.22,N
1965,4,27.54,27.9,27.33,27.85,0.38,N
1965,5,27.9,27.98,27.26,27.78,0.68,E
1965,6,28.17,27.76,26.87,27.37,1.04,E
1965,7,27.88,27.31,26.39,26.92,1.34,E
1965,8,27.82,26.9,26.28,26.72,1.5,E
1965,9,27.67,26.74,26.4,26.8,1.76,E
1965,10,28.14,26.75,26.66,27.02,1.87,E
1965,11,27.99,26.77,26.83,27.15,2,E
1965,12,27.95,26.62,26.83,27.12,1.81,E
1966,1,27.58,26.61,26.79,27.09,1.55,E
1966,2,27.33,26.8,26.96,27.25,1.3,E
1966,3,27.92,27.31,27.25,27.59,1.05,E
1966,4,28.14,27.9,27.49,27.85,0.61,E
1966,5,27.25,27.98,27.27,27.78,0.32,N
1966,6,27.68,27.76,26.96,27.37,0.24,N
1966,7,27.41,27.31,26.56,26.92,0.32,N
1966,8,26.47,26.9,26.26,26.72,0.19,N
1966,9,26.31,26.74,26.36,26.8,0.01,N
1966,10,26.25,26.75,26.52,27.02,-0.02,N
1966,11,26.28,26.77,26.72,27.15,-0.11,N
1966,12,25.99,26.62,26.69,27.12,-0.22,N
1967,1,25.82,26.61,26.56,27.09,-0.26,N
1967,2,26.12,26.8,26.72,27.25,-0.23,N
1967,3,26.6,27.31,27.03,27.59,-0.34,N
1967,4,26.87,27.9,27.3,27.85,-0.31,N
1967,5,27.43,27.98,27.28,27.78,-0.07,N
1967,6,27.6,27.76,26.84,27.37,0.23,N
1967,7,26.9,27.31,26.3,26.92,0.25,N
1967,8,26.27,26.9,26.04,26.72,0,N
1967,9,25.84,26.74,26.16,26.8,-0.11,N
1967,10,25.99,26.75,26.31,27.02,-0.08,N
1967,11,26.16,26.77,26.43,27.15,0.02,N
1967,12,25.96,26.62,26.48,27.12,-0.02,N
1968,1,25.73,26.61,26.38,27.09,-0.23,N
1968,2,25.76,26.8,26.58,27.25,-0.35,N
1968,3,26.29,27.31,26.87,27.59,-0.32,N
1968,4,27.17,27.9,27.18,27.85,-0.26,N
1968,5,27.11,27.98,27.11,27.78,0.09,N
1968,6,27.78,27.76,26.92,27.37,0.35,N
1968,7,27.43,27.31,26.48,26.92,0.57,E
1968,8,26.92,26.9,26.32,26.72,0.47,N
1968,9,26.59,26.74,26.42,26.8,0.4,N
1968,10,26.83,26.75,26.73,27.02,0.57,E
1968,11,27.29,26.77,26.86,27.15,0.75,E
1968,12,27.07,26.62,26.9,27.12,1.02,E
1969,1,27.55,26.61,27.02,27.09,1.08,E
1969,2,27.65,26.8,27.2,27.25,1.01,E
1969,3,27.72,27.31,27.55,27.59,0.69,E
1969,4,28.05,27.9,27.8,27.85,0.46,N
1969,5,28.29,27.98,27.74,27.78,0.38,N
1969,6,27.87,27.76,27.18,27.37,0.3,N
1969,7,27.07,27.31,26.62,26.92,0.29,N
1969,8,26.97,26.9,26.42,26.72,0.35,N
1969,9,26.98,26.74,26.57,26.8,0.58,E
1969,10,27.19,26.75,26.83,27.02,0.68,E
1969,11,27.17,26.77,26.96,27.15,0.82,E
1969,12,27.28,26.62,26.98,27.12,0.69,E
1970,1,26.79,26.61,26.98,27.09,0.48,N
1970,2,26.63,26.8,27.03,27.25,0.22,N
1970,3,27.26,27.31,27.38,27.59,0.24,N
1970,4,27.92,27.9,27.55,27.85,0.25,N
1970,5,27.67,27.98,27.41,27.78,0.12,N
1970,6,27.11,27.76,26.84,27.37,-0.25,N
1970,7,26.25,27.31,26.39,26.92,-0.47,N
1970,8,25.8,26.9,26.15,26.72,-0.64,L
1970,9,25.61,26.74,26.2,26.8,-0.55,L
1970,10,25.83,26.75,26.4,27.02,-0.56,L
1970,11,25.59,26.77,26.54,27.15,-0.54,L
1970,12,25.43,26.62,26.4,27.12,-0.85,L
1971,1,24.85,26.61,26.37,27.09,-0.95,L
1971,2,25.24,26.8,26.46,27.25,-1,L
1971,3,25.93,27.31,26.76,27.59,-0.78,L
1971,4,26.75,27.9,27.14,27.85,-0.58,L
1971,5,26.99,27.98,27.05,27.78,-0.49,N
1971,6,26.54,27.76,26.54,27.37,-0.37,N
1971,7,26.33,27.31,26.17,26.92,-0.29,N
1971,8,26.05,26.9,25.98,26.72,-0.24,N
1971,9,25.78,26.74,26.11,26.8,-0.3,N
1971,10,25.62,26.75,26.23,27.02,-0.4,N
1971,11,25.64,26.77,26.39,27.15,-0.41,N
1971,12,25.53,26.62,26.32,27.12,-0.38,N
1972,1,25.8,26.61,26.55,27.09,-0.21,N
1972,2,26.44,26.8,26.84,27.25,0.03,N
1972,3,27.03,27.31,27.03,27.59,0.32,N
1972,4,27.83,27.9,27.38,27.85,0.53,E
1972,5,28,27.98,27.33,27.78,0.69,E
1972,6,28.05,27.76,27.01,27.37,0.89,E
1972,7,27.97,27.31,26.6,26.92,1.16,E
1972,8,27.92,26.9,26.47,26.72,1.41,E
1972,9,27.85,26.74,26.59,26.8,1.65,E
1972,10,28.2,26.75,26.92,27.02,1.83,E
1972,11,28.38,26.77,27.11,27.15,1.98,E
1972,12,28.32,26.62,27.17,27.12,1.88,E
1973,1,27.92,26.61,27.12,27.09,1.71,E
1973,2,27.87,26.8,27.18,27.25,1.27,E
1973,3,27.68,27.31,27.43,27.59,0.61,E
1973,4,27.28,27.9,27.53,27.85,-0.16,N
1973,5,27.05,27.98,27.42,27.78,-0.75,L
1973,6,26.58,27.76,26.98,27.37,-1,L
1973,7,25.91,27.31,26.52,26.92,-1.1,L
1973,8,25.48,26.9,26.26,26.72,-1.19,L
1973,9,25.24,26.74,26.35,26.8,-1.3,L
1973,10,24.98,26.75,26.49,27.02,-1.63,L
1973,11,24.41,26.77,26.55,27.15,-1.86,L
1973,12,24.32,26.62,26.39,27.12,-1.91,L
1974,1,24.47,26.61,26.27,27.09,-1.61,L
1974,2,25.07,26.8,26.46,27.25,-1.28,L
1974,3,25.79,27.31,26.8,27.59,-0.98,L
1974,4,26.61,27.9,27.09,27.85,-0.85,L
1974,5,26.74,27.98,27.13,27.78,-0.56,L
1974,6,26.98,27.76,26.72,27.37,-0.49,N
1974,7,26.3,27.31,26.35,26.92,-0.27,N
1974,8,26.28,26.9,26.19,26.72,-0.21,N
1974,9,26.19,26.74,26.23,26.8,-0.23,N
1974,10,25.61,26.75,26.38,27.02,-0.44,N
1974,11,25.5,26.77,26.5,27.15,-0.59,L
1974,12,25.62,26.62,26.44,27.12,-0.34,N
1975,1,26.05,26.61,26.43,27.09,-0.12,N
1975,2,26.12,26.8,26.64,27.25,-0.12,N
1975,3,26.29,27.31,26.88,27.59,-0.28,N
1975,4,26.93,27.9,27.13,27.85,-0.42,N
1975,5,26.9,27.98,27.06,27.78,-0.63,L
1975,6,26.23,27.76,26.64,27.37,-0.74,L
1975,7,26.05,27.31,26.28,26.92,-0.87,L
1975,8,25.43,26.9,26.01,26.72,-0.87,L
1975,9,25.14,26.74,26.03,26.8,-0.98,L
1975,10,25.04,26.75,26.17,27.02,-0.95,L
1975,11,25.24,26.77,26.27,27.15,-1.02,L
1975,12,24.67,26.62,26.15,27.12,-1.11,L
1976,1,24.62,26.61,26.18,27.09,-1.01,L
1976,2,25.66,26.8,26.47,27.25,-0.66,L
1976,3,26.39,27.31,26.78,27.59,-0.26,N
1976,4,27.07,27.9,27.12,27.85,-0.14,N
1976,5,27.17,27.98,27.05,27.78,0.03,N
1976,6,27.42,27.76,26.78,27.37,0.3,N
1976,7,27.27,27.31,26.36,26.92,0.53,E
1976,8,26.95,26.9,26.22,26.72,0.73,E
1976,9,27.06,26.74,26.35,26.8,0.9,E
1976,10,27.39,26.75,26.72,27.02,1.05,E
1976,11,27.39,26.77,26.88,27.15,1.06,E
1976,12,27.09,26.62,26.81,27.12,1.08,E
1977,1,27.37,26.61,26.88,27.09,0.97,E
1977,2,27.12,26.8,27.01,27.25,0.9,E
1977,3,27.52,27.31,27.23,27.59,0.48,N
1977,4,27.42,27.9,27.42,27.85,0.34,N
1977,5,27.82,27.98,27.39,27.78,0.28,N
1977,6,27.89,27.76,27.06,27.37,0.53,E
1977,7,27.55,27.31,26.57,26.92,0.48,N
1977,8,26.69,26.9,26.34,26.72,0.48,N
1977,9,26.88,26.74,26.47,26.8,0.62,E
1977,10,27.36,26.75,26.71,27.02,0.89,E
1977,11,27.29,26.77,26.85,27.15,1.11,E
1977,12,27.29,26.62,26.81,27.12,1.06,E
1978,1,27.18,26.61,26.88,27.09,0.97,E
1978,2,27.08,26.8,26.97,27.25,0.72,E
1978,3,27.32,27.31,27.26,27.59,0.28,N
1978,4,27.18,27.9,27.4,27.85,-0.06,N
1978,5,27.3,27.98,27.29,27.78,-0.33,N
1978,6,27.04,27.76,26.92,27.37,-0.25,N
1978,7,26.82,27.31,26.56,26.92,-0.32,N
1978,8,26,26.9,26.22,26.72,-0.27,N
1978,9,26.15,26.74,26.35,26.8,-0.27,N
1978,10,26.12,26.75,26.51,27.02,-0.08,N
1978,11,26.4,26.77,26.71,27.15,0.15,N
1978,12,26.69,26.62,26.77,27.12,0.27,N
1979,1,26.54,26.61,26.86,27.09,0.35,N
1979,2,26.78,26.8,26.98,27.25,0.31,N
1979,3,27.34,27.31,27.32,27.59,0.31,N
1979,4,27.84,27.9,27.63,27.85,0.24,N
1979,5,27.77,27.98,27.51,27.78,0.14,N
1979,6,27.6,27.76,27.13,27.37,0.03,N
1979,7,26.92,27.31,26.61,26.92,0.05,N
1979,8,26.7,26.9,26.39,26.72,0.26,N
1979,9,27.11,26.74,26.54,26.8,0.42,N
1979,10,26.79,26.75,26.77,27.02,0.52,E
1979,11,27,26.77,27.01,27.15,0.52,E
1979,12,27.13,26.62,27.01,27.12,0.64,E
1980,1,27.1,26.61,27.01,27.09,0.66,E
1980,2,27.06,26.8,27.12,27.25,0.46,N
1980,3,27.28,27.31,27.44,27.59,0.26,N
1980,4,27.79,27.9,27.65,27.85,0.15,N
1980,5,27.95,27.98,27.62,27.78,0.29,N
1980,6,27.97,27.76,27.13,27.37,0.29,N
1980,7,27.15,27.31,26.65,26.92,0.13,N
1980,8,26.38,26.9,26.42,26.72,-0.1,N
1980,9,26.35,26.74,26.54,26.8,-0.18,N
1980,10,26.35,26.75,26.7,27.02,-0.06,N
1980,11,26.59,26.77,26.9,27.15,0.15,N
1980,12,26.73,26.62,26.85,27.12,0.1,N
1981,1,26.02,26.61,26.72,27.09,-0.02,N
1981,2,26.19,26.8,26.84,27.25,-0.18,N
1981,3,27,27.31,27.28,27.59,-0.27,N
1981,4,27.1,27.9,27.46,27.85,-0.24,N
1981,5,27.54,27.98,27.45,27.78,-0.29,N
1981,6,27.28,27.76,27.03,27.37,-0.27,N
1981,7,26.57,27.31,26.56,26.92,-0.22,N
1981,8,26.47,26.9,26.31,26.72,-0.15,N
1981,9,26.51,26.74,26.54,26.8,-0.02,N
1981,10,26.52,26.75,26.84,27.02,-0.17,N
1981,11,26.13,26.77,26.92,27.15,-0.2,N
1981,12,26.38,26.62,26.93,27.12,-0.08,N
1982,1,26.7,26.61,26.93,27.09,0.11,N
1982,2,26.59,26.8,26.99,27.25,0.23,N
1982,3,27.22,27.31,27.28,27.59,0.23,N
1982,4,27.9,27.9,27.59,27.85,0.48,N
1982,5,28.35,27.98,27.58,27.78,0.78,E
1982,6,28.47,27.76,27.17,27.37,0.85,E
1982,7,27.57,27.31,26.64,26.92,0.9,E
1982,8,27.45,26.9,26.46,26.72,1.14,E
1982,9,28.15,26.74,26.67,26.8,1.64,E
1982,10,28.48,26.75,26.98,27.02,2.04,E
1982,11,28.47,26.77,27.12,27.15,2.25,E
1982,12,28.74,26.62,27.21,27.12,2.36,E
1983,1,28.78,26.61,27.26,27.09,2.42,E
1983,2,28.72,26.8,27.42,27.25,2.17,E
1983,3,28.69,27.31,27.66,27.59,1.7,E
1983,4,28.66,27.9,27.84,27.85,1.33,E
1983,5,28.77,27.98,27.76,27.78,0.88,E
1983,6,28.17,27.76,27.41,27.37,0.45,N
1983,7,27.11,27.31,26.84,26.92,0.03,N
1983,8,26.62,26.9,26.61,26.72,-0.22,N
1983,9,26.31,26.74,26.64,26.8,-0.59,L
1983,10,25.49,26.75,26.79,27.02,-0.9,L
1983,11,25.54,26.77,26.86,27.15,-1.1,L
1983,12,25.66,26.62,26.91,27.12,-0.96,L
1984,1,25.75,26.61,26.88,27.09,-0.63,L
1984,2,26.51,26.8,27.07,27.25,-0.51,L
1984,3,26.66,27.31,27.39,27.59,-0.45,N
1984,4,27.18,27.9,27.58,27.85,-0.6,L
1984,5,27.18,27.98,27.39,27.78,-0.64,L
1984,6,26.76,27.76,26.94,27.37,-0.5,L
1984,7,26.68,27.31,26.52,26.92,-0.31,N
1984,8,26.53,26.9,26.34,26.72,-0.17,N
1984,9,26.33,26.74,26.59,26.8,-0.27,N
1984,10,25.9,26.75,26.65,27.02,-0.6,L
1984,11,25.55,26.77,26.74,27.15,-0.88,L
1984,12,25.28,26.62,26.65,27.12,-0.92,L
1985,1,25.62,26.61,26.69,27.09,-0.84,L
1985,2,25.88,26.8,26.88,27.25,-0.67,L
1985,3,26.38,27.31,27.11,27.59,-0.75,L
1985,4,26.7,27.9,27.32,27.85,-0.77,L
1985,5,26.95,27.98,27.3,27.78,-0.78,L
1985,6,26.75,27.76,26.88,27.37,-0.54,L
1985,7,26.67,27.31,26.5,26.92,-0.32,N
1985,8,26.39,26.9,26.28,26.72,-0.19,N
1985,9,26.17,26.74,26.43,26.8,-0.16,N
1985,10,26.24,26.75,26.63,27.02,-0.17,N
1985,11,26.31,26.77,26.8,27.15,-0.13,N
1985,12,26.21,26.62,26.8,27.12,-0.2,N
1986,1,25.93,26.61,26.72,27.09,-0.26,N
1986,2,26.33,26.8,27,27.25,-0.27,N
1986,3,26.9,27.31,27.29,27.59,-0.19,N
1986,4,27.46,27.9,27.49,27.85,-0.14,N
1986,5,27.57,27.98,27.48,27.78,-0.1,N
1986,6,27.47,27.76,27.12,27.37,0,N
1986,7,27.23,27.31,26.69,26.92,0.27,N
1986,8,27.19,26.9,26.44,26.72,0.57,E
1986,9,27.27,26.74,26.59,26.8,0.79,E
1986,10,27.28,26.75,26.86,27.02,1,E
1986,11,27.72,26.77,27.06,27.15,1.22,E
1986,12,27.72,26.62,26.96,27.12,1.42,E
1987,1,27.65,26.61,26.97,27.09,1.48,E
1987,2,27.81,26.8,27.16,27.25,1.36,E
1987,3,28.23,27.31,27.6,27.59,1.16,E
1987,4,28.44,27.9,27.79,27.85,0.95,E
1987,5,28.61,27.98,27.84,27.78,0.87,E
1987,6,28.56,27.76,27.41,27.37,0.97,E
1987,7,28.36,27.31,27.02,26.92,1.12,E
1987,8,28.14,26.9,26.86,26.72,1.31,E
1987,9,28.2,26.74,26.99,26.8,1.35,E
1987,10,27.96,26.75,27.22,27.02,1.21,E
1987,11,27.75,26.77,27.42,27.15,0.99,E
1987,12,27.45,26.62,27.24,27.12,0.8,E
1988,1,27.29,26.61,27.24,27.09,0.46,N
1988,2,26.8,26.8,27.39,27.25,0.13,N
1988,3,27.32,27.31,27.7,27.59,-0.39,N
1988,4,27.23,27.9,27.82,27.85,-0.92,L
1988,5,26.56,27.98,27.62,27.78,-1.54,L
1988,6,26.01,27.76,27.16,27.37,-1.76,L
1988,7,25.72,27.31,26.7,26.92,-1.63,L
1988,8,25.53,26.9,26.53,26.72,-1.36,L
1988,9,25.64,26.74,26.58,26.8,-1.44,L
1988,10,24.86,26.75,26.69,27.02,-1.71,L
1988,11,24.56,26.77,26.72,27.15,-1.95,L
1988,12,24.7,26.62,26.65,27.12,-1.94,L
1989,1,24.66,26.61,26.65,27.09,-1.65,L
1989,2,25.38,26.8,26.83,27.25,-1.37,L
1989,3,26.13,27.31,27.13,27.59,-1.11,L
1989,4,26.67,27.9,27.4,27.85,-0.9,L
1989,5,27.11,27.98,27.36,27.78,-0.64,L
1989,6,27.18,27.76,26.98,27.37,-0.42,N
1989,7,26.72,27.31,26.69,26.92,-0.41,N
1989,8,26.15,26.9,26.43,26.72,-0.38,N
1989,9,26.37,26.74,26.57,26.8,-0.31,N
1989,10,26.33,26.75,26.76,27.02,-0.23,N
1989,11,26.24,26.77,26.88,27.15,-0.08,N
1989,12,26.63,26.62,26.88,27.12,0.06,N
1990,1,26.49,26.61,26.8,27.09,0.33,N
1990,2,27.08,26.8,27.16,27.25,0.31,N
1990,3,27.3,27.31,27.4,27.59,0.33,N
1990,4,27.96,27.9,27.71,27.85,0.27,N
1990,5,28.01,27.98,27.6,27.78,0.2,N
1990,6,27.55,27.76,27.15,27.37,0.21,N
1990,7,27.4,27.31,26.74,26.92,0.22,N
1990,8,26.99,26.9,26.53,26.72,0.33,N
1990,9,26.88,26.74,26.63,26.8,0.33,N
1990,10,26.9,26.75,26.91,27.02,0.27,N
1990,11,26.73,26.77,27,27.15,0.3,N
1990,12,26.85,26.62,26.98,27.12,0.44,N
1991,1,27.07,26.61,26.98,27.09,0.58,E
1991,2,27.05,26.8,27.08,27.25,0.54,E
1991,3,27.38,27.31,27.41,27.59,0.43,N
1991,4,28.07,27.9,27.72,27.85,0.43,N
1991,5,28.26,27.98,27.68,27.78,0.58,E
1991,6,28.31,27.76,27.3,27.37,0.72,E
1991,7,27.97,27.31,26.9,26.92,0.87,E
1991,8,27.65,26.9,26.59,26.72,0.84,E
1991,9,27.18,26.74,26.67,26.8,1.01,E
1991,10,27.66,26.75,26.83,27.02,1.21,E
1991,11,27.88,26.77,26.94,27.15,1.67,E
1991,12,28.13,26.62,26.96,27.12,1.97,E
1992,1,28.29,26.61,26.95,27.09,2.14,E
1992,2,28.3,26.8,27.14,27.25,2.09,E
1992,3,28.62,27.31,27.45,27.59,1.96,E
1992,4,29.11,27.9,27.72,27.85,1.79,E
1992,5,29,27.98,27.68,27.78,1.41,E
1992,6,28.3,27.76,27.23,27.37,0.93,E
1992,7,27.51,27.31,26.74,26.92,0.51,E
1992,8,26.87,26.9,26.45,26.72,0.31,N
1992,9,26.65,26.74,26.53,26.8,0.13,N
1992,10,26.39,26.75,26.72,27.02,0.1,N
1992,11,26.54,26.77,26.79,27.15,0.13,N
1992,12,26.49,26.62,26.75,27.12,0.35,N
1993,1,26.83,26.61,26.83,27.09,0.56,E
1993,2,27.17,26.8,27,27.25,0.71,E
1993,3,27.64,27.31,27.36,27.59,0.87,E
1993,4,28.5,27.9,27.67,27.85,1.09,E
1993,5,28.9,27.98,27.67,27.78,1.01,E
1993,6,28.04,27.76,27.21,27.37,0.76,E
1993,7,27.39,27.31,26.67,26.92,0.46,N
1993,8,27.03,26.9,26.47,26.72,0.47,N
1993,9,27.02,26.74,26.6,26.8,0.49,N
1993,10,26.91,26.75,26.81,27.02,0.47,N
1993,11,26.92,26.77,27,27.15,0.44,N
1993,12,26.89,26.62,26.97,27.12,0.42,N
1994,1,26.76,26.61,26.94,27.09,0.34,N
1994,2,26.66,26.8,27.03,27.25,0.24,N
1994,3,27.3,27.31,27.4,27.59,0.23,N
1994,4,27.98,27.9,27.66,27.85,0.33,N
1994,5,28.07,27.98,27.6,27.78,0.41,N
1994,6,27.89,27.76,27.13,27.37,0.42,N
1994,7,27.38,27.31,26.64,26.92,0.54,E
1994,8,27.26,26.9,26.44,26.72,0.6,E
1994,9,27.04,26.74,26.54,26.8,0.8,E
1994,10,27.46,26.75,26.91,27.02,0.97,E
1994,11,27.72,26.77,27.07,27.15,1.24,E
1994,12,27.74,26.62,27.04,27.12,1.29,E
1995,1,27.45,26.61,27.03,27.09,1.19,E
1995,2,27.56,26.8,27.28,27.25,0.87,E
1995,3,27.67,27.31,27.55,27.59,0.57,E
1995,4,27.97,27.9,27.77,27.85,0.21,N
1995,5,27.78,27.98,27.67,27.78,-0.07,N
1995,6,27.51,27.76,27.34,27.37,-0.23,N
1995,7,27.02,27.31,26.88,26.92,-0.41,N
1995,8,26.2,26.9,26.58,26.72,-0.57,L
1995,9,25.92,26.74,26.6,26.8,-0.76,L
1995,10,25.81,26.75,26.8,27.02,-0.93,L
1995,11,25.61,26.77,26.96,27.15,-1.02,L
1995,12,25.58,26.62,26.89,27.12,-0.99,L
1996,1,25.75,26.61,26.87,27.09,-0.87,L
1996,2,26.03,26.8,27.12,27.25,-0.75,L
1996,3,26.68,27.31,27.44,27.59,-0.59,L
1996,4,27.47,27.9,27.62,27.85,-0.38,N
1996,5,27.61,27.98,27.55,27.78,-0.25,N
1996,6,27.38,27.76,27.21,27.37,-0.24,N
1996,7,26.93,27.31,26.76,26.92,-0.19,N
1996,8,26.67,26.9,26.53,26.72,-0.2,N
1996,9,26.35,26.74,26.64,26.8,-0.19,N
1996,10,26.34,26.75,26.81,27.02,-0.24,N
1996,11,26.37,26.77,26.92,27.15,-0.3,N
1996,12,26.02,26.62,26.88,27.12,-0.28,N
1997,1,26.15,26.61,26.8,27.09,-0.21,N
1997,2,26.52,26.8,26.94,27.25,-0.03,N
1997,3,27.12,27.31,27.35,27.59,0.17,N
1997,4,28,27.9,27.64,27.85,0.49,N
1997,5,28.59,27.98,27.7,27.78,0.86,E
1997,6,28.74,27.76,27.43,27.37,1.23,E
1997,7,28.69,27.31,27.01,26.92,1.52,E
1997,8,28.64,26.9,26.86,26.72,1.85,E
1997,9,28.79,26.74,27.05,26.8,2.08,E
1997,10,28.94,26.75,27.38,27.02,2.23,E
1997,11,29.06,26.77,27.56,27.15,2.26,E
1997,12,28.93,26.62,27.6,27.12,2.28,E
1998,1,28.89,26.61,27.53,27.09,2.15,E
1998,2,28.74,26.8,27.73,27.25,1.84,E
1998,3,28.67,27.31,27.96,27.59,1.25,E
1998,4,28.52,27.9,28.12,27.85,0.84,E
1998,5,28.72,27.98,28.04,27.78,0.04,N
1998,6,27.15,27.76,27.52,27.37,-0.51,L
1998,7,26.52,27.31,27.06,26.92,-1.05,L
1998,8,26.06,26.9,26.82,26.72,-1.14,L
1998,9,25.69,26.74,26.74,26.8,-1.24,L
1998,10,25.46,26.75,26.9,27.02,-1.33,L
1998,11,25.53,26.77,27.04,27.15,-1.51,L
1998,12,24.98,26.62,26.89,27.12,-1.6,L
1999,1,24.87,26.61,26.73,27.09,-1.57,L
1999,2,25.54,26.8,26.95,27.25,-1.29,L
1999,3,26.41,27.31,27.37,27.59,-0.99,L
1999,4,27.01,27.9,27.55,27.85,-0.89,L
1999,5,27,27.98,27.45,27.78,-0.82,L
1999,6,26.81,27.76,27,27.37,-0.83,L
1999,7,26.31,27.31,26.65,26.92,-0.83,L
1999,8,25.8,26.9,26.4,26.72,-0.86,L
1999,9,25.81,26.74,26.53,26.8,-0.87,L
1999,10,25.65,26.75,26.67,27.02,-1.06,L
1999,11,25.19,26.77,26.79,27.15,-1.33,L
1999,12,24.99,26.62,26.8,27.12,-1.55,L
2000,1,25.02,26.61,26.78,27.09,-1.51,L
2000,2,25.5,26.8,26.98,27.25,-1.31,L
2000,3,26.26,27.31,27.31,27.59,-1.07,L
2000,4,27.04,27.9,27.59,27.85,-0.89,L
2000,5,27.09,27.98,27.46,27.78,-0.68,L
2000,6,27.05,27.76,27.01,27.37,-0.53,L
2000,7,26.64,27.31,26.59,26.92,-0.35,N
2000,8,26.52,26.9,26.51,26.72,-0.29,N
2000,9,26.41,26.74,26.67,26.8,-0.35,N
2000,10,26.08,26.75,26.85,27.02,-0.54,L
2000,11,25.95,26.77,26.98,27.15,-0.79,L
2000,12,25.58,26.62,26.87,27.12,-0.82,L
2001,1,25.82,26.61,26.87,27.09,-0.79,L
2001,2,26.06,26.8,27.06,27.25,-0.61,L
2001,3,26.89,27.31,27.51,27.59,-0.56,L
2001,4,27.44,27.9,27.76,27.85,-0.41,N
2001,5,27.69,27.98,27.68,27.78,-0.27,N
2001,6,27.64,27.76,27.3,27.37,-0.07,N
2001,7,27.26,27.31,26.8,26.92,0.02,N
2001,8,26.81,26.9,26.61,26.72,-0.02,N
2001,9,26.51,26.74,26.7,26.8,-0.04,N
2001,10,26.69,26.75,26.96,27.02,-0.17,N
2001,11,26.37,26.77,27.06,27.15,-0.27,N
2001,12,26.17,26.62,27.02,27.12,-0.31,N
2002,1,26.44,26.61,27.03,27.09,-0.16,N
2002,2,26.79,26.8,27.17,27.25,0.01,N
2002,3,27.37,27.31,27.6,27.59,0.03,N
2002,4,27.87,27.9,27.86,27.85,0.06,N
2002,5,28.11,27.98,27.79,27.78,0.24,N
2002,6,28.27,27.76,27.42,27.37,0.46,N
2002,7,27.8,27.31,26.9,26.92,0.65,E
2002,8,27.5,26.9,26.66,26.72,0.81,E
2002,9,27.59,26.74,26.76,26.8,0.97,E
2002,10,27.73,26.75,27.09,27.02,1.19,E
2002,11,28.01,26.77,27.24,27.15,1.33,E
2002,12,28.03,26.62,27.32,27.12,1.14,E
2003,1,27.13,26.61,27.21,27.09,0.86,E
2003,2,27.38,26.8,27.38,27.25,0.48,N
2003,3,27.67,27.31,27.69,27.59,0.24,N
2003,4,27.79,27.9,27.89,27.85,-0.19,N
2003,5,27.4,27.98,27.72,27.78,-0.33,N
2003,6,27.62,27.76,27.31,27.37,-0.22,N
2003,7,27.4,27.31,26.94,26.92,0.04,N
2003,8,27.12,26.9,26.82,26.72,0.09,N
2003,9,26.88,26.74,26.88,26.8,0.17,N
2003,10,27.16,26.75,27.17,27.02,0.17,N
2003,11,26.98,26.77,27.26,27.15,0.25,N
2003,12,26.93,26.62,27.17,27.12,0.23,N
2004,1,26.89,26.61,27.19,27.09,0.24,N
2004,2,27.03,26.8,27.37,27.25,0.13,N
2004,3,27.28,27.31,27.57,27.59,0.08,N
2004,4,27.94,27.9,27.82,27.85,0.09,N
2004,5,27.96,27.98,27.61,27.78,0.2,N
2004,6,27.8,27.76,27.2,27.37,0.38,N
2004,7,27.74,27.31,26.82,26.92,0.55,E
2004,8,27.49,26.9,26.66,26.72,0.7,E
2004,9,27.39,26.74,26.84,26.8,0.72,E
2004,10,27.34,26.75,27.06,27.02,0.7,E
2004,11,27.43,26.77,27.23,27.15,0.71,E
2004,12,27.36,26.62,27.24,27.12,0.69,E
2005,1,27.26,26.61,27.25,27.09,0.55,E
2005,2,27.09,26.8,27.33,27.25,0.41,N
2005,3,27.71,27.31,27.74,27.59,0.27,N
2005,4,28.09,27.9,27.89,27.85,0.26,N
2005,5,28.2,27.98,27.82,27.78,0.21,N
2005,6,27.87,27.76,27.35,27.37,0.05,N
2005,7,27.04,27.31,26.86,26.92,-0.05,N
2005,8,26.82,26.9,26.7,26.72,-0.11,N
2005,9,26.7,26.74,26.76,26.8,-0.04,N
2005,10,26.64,26.75,26.93,27.02,-0.17,N
2005,11,26.19,26.77,26.98,27.15,-0.5,N
2005,12,25.67,26.62,26.96,27.12,-0.8,L
2006,1,25.74,26.61,26.97,27.09,-0.9,L
2006,2,26.09,26.8,27.16,27.25,-0.87,L
2006,3,26.51,27.31,27.47,27.59,-0.69,L
2006,4,27.53,27.9,27.75,27.85,-0.5,N
2006,5,27.82,27.98,27.75,27.78,-0.19,N
2006,6,27.74,27.76,27.36,27.37,-0.04,N
2006,7,27.34,27.31,26.91,26.92,0.15,N
2006,8,27.28,26.9,26.74,26.72,0.36,N
2006,9,27.34,26.74,26.89,26.8,0.57,E
2006,10,27.41,26.75,27.11,27.02,0.73,E
2006,11,27.66,26.77,27.32,27.15,0.91,E
2006,12,27.74,26.62,27.3,27.12,0.9,E
2007,1,27.25,26.61,27.21,27.09,0.62,E
2007,2,26.9,26.8,27.36,27.25,0.18,N
2007,3,27.14,27.31,27.54,27.59,-0.14,N
2007,4,27.63,27.9,27.79,27.85,-0.33,N
2007,5,27.48,27.98,27.67,27.78,-0.36,N
2007,6,27.52,27.76,27.33,27.37,-0.44,N
2007,7,26.83,27.31,26.89,26.92,-0.5,L
2007,8,26.18,26.9,26.6,26.72,-0.78,L
2007,9,25.66,26.74,26.64,26.8,-1.03,L
2007,10,25.42,26.75,26.74,27.02,-1.33,L
2007,11,25.07,26.77,26.77,27.15,-1.48,L
2007,12,24.96,26.62,26.74,27.12,-1.64,L
2008,1,24.82,26.61,26.72,27.09,-1.74,L
2008,2,25,26.8,26.91,27.25,-1.62,L
2008,3,26.07,27.31,27.28,27.59,-1.41,L
2008,4,26.85,27.9,27.58,27.85,-1.06,L
2008,5,27.15,27.98,27.54,27.78,-0.8,L
2008,6,27.12,27.76,27.14,27.37,-0.44,N
2008,7,27.13,27.31,26.79,26.92,-0.23,N
2008,8,26.74,26.9,26.67,26.72,-0.17,N
2008,9,26.49,26.74,26.81,26.8,-0.26,N
2008,10,26.45,26.75,26.98,27.02,-0.38,N
2008,11,26.28,26.77,27.07,27.15,-0.6,L
2008,12,25.74,26.62,27.03,27.12,-0.85,L
2009,1,25.63,26.61,27,27.09,-0.96,L
2009,2,26.02,26.8,27.1,27.25,-0.91,L
2009,3,26.58,27.31,27.5,27.59,-0.7,L
2009,4,27.54,27.9,27.79,27.85,-0.44,N
2009,5,28.05,27.98,27.85,27.78,-0.03,N
2009,6,28.17,27.76,27.55,27.37,0.26,N
2009,7,27.87,27.31,27.12,26.92,0.36,N
2009,8,27.44,26.9,26.94,26.72,0.42,N
2009,9,27.34,26.74,27,26.8,0.53,E
2009,10,27.6,26.75,27.24,27.02,0.87,E
2009,11,28.1,26.77,27.37,27.15,1.29,E
2009,12,28.37,26.62,27.43,27.12,1.5,E
2010,1,28.03,26.61,27.4,27.09,1.45,E
2010,2,28.07,26.8,27.6,27.25,1.12,E
2010,3,28.26,27.31,27.95,27.59,0.72,E
2010,4,28.34,27.9,28.18,27.85,0.1,N
2010,5,27.75,27.98,28.01,27.78,-0.52,L
2010,6,27.1,27.76,27.52,27.37,-0.99,L
2010,7,26.26,27.31,26.95,26.92,-1.21,L
2010,8,25.69,26.9,26.65,26.72,-1.39,L
2010,9,25.3,26.74,26.63,26.8,-1.54,L
2010,10,25.13,26.75,26.83,27.02,-1.62,L
2010,11,25.22,26.77,26.89,27.15,-1.63,L
2010,12,25.09,26.62,26.86,27.12,-1.55,L
2011,1,25.11,26.61,26.82,27.09,-1.43,L
2011,2,25.66,26.8,27.03,27.25,-1.21,L
2011,3,26.39,27.31,27.37,27.59,-0.97,L
2011,4,27.09,27.9,27.6,27.85,-0.77,L
2011,5,27.38,27.98,27.58,27.78,-0.52,L
2011,6,27.43,27.76,27.24,27.37,-0.28,N
2011,7,27.07,27.31,26.75,26.92,-0.29,N
2011,8,26.27,26.9,26.55,26.72,-0.41,N
2011,9,26.04,26.74,26.59,26.8,-0.7,L
2011,10,25.7,26.75,26.77,27.02,-0.91,L
2011,11,25.59,26.77,26.92,27.15,-1.02,L
2011,12,25.61,26.62,26.86,27.12,-0.96,L
2012,1,25.74,26.61,26.86,27.09,-0.77,L
2012,2,26.17,26.8,27.09,27.25,-0.6,L
2012,3,26.76,27.31,27.36,27.59,-0.5,N
2012,4,27.44,27.9,27.72,27.85,-0.42,N
2012,5,27.67,27.98,27.74,27.78,-0.25,N
2012,6,27.76,27.76,27.32,27.37,0.03,N
2012,7,27.55,27.31,26.88,26.92,0.34,N
2012,8,27.41,26.9,26.71,26.72,0.44,N
2012,9,27.09,26.74,26.84,26.8,0.37,N
2012,10,26.91,26.75,27.06,27.02,0.21,N
2012,11,26.98,26.77,27.26,27.15,-0.02,N
2012,12,26.47,26.62,27.25,27.12,-0.27,N
2013,1,26.16,26.61,27.13,27.09,-0.55,L
2013,2,26.28,26.8,27.29,27.25,-0.57,L
2013,3,27.06,27.31,27.64,27.59,-0.49,N
2013,4,27.66,27.9,27.87,27.85,-0.45,N
2013,5,27.58,27.98,27.79,27.78,-0.49,N
2013,6,27.24,27.76,27.26,27.37,-0.48,N
2013,7,26.93,27.31,26.85,26.92,-0.47,N
2013,8,26.37,26.9,26.65,26.72,-0.38,N
2013,9,26.56,26.74,26.8,26.8,-0.38,N
2013,10,26.43,26.75,27,27.02,-0.22,N
2013,11,26.74,26.77,27.19,27.15,-0.23,N
2013,12,26.42,26.62,27.12,27.12,-0.27,N
2014,1,26.21,26.61,27.08,27.09,-0.43,N
2014,2,26.31,26.8,27.2,27.25,-0.38,N
2014,3,27.21,27.31,27.57,27.59,-0.16,N
2014,4,28.12,27.9,27.9,27.85,0.12,N
2014,5,28.34,27.98,27.96,27.78,0.16,N
2014,6,27.98,27.76,27.59,27.37,0,N
2014,7,27.22,27.31,27.03,26.92,-0.14,N
2014,8,26.88,26.9,26.85,26.72,-0.09,N
2014,9,27.01,26.74,26.95,26.8,0.06,N
2014,10,27.14,26.75,27.22,27.02,0.35,N
2014,11,27.53,26.77,27.35,27.15,0.54,E
2014,12,27.4,26.62,27.31,27.12,0.63,E
2015,1,27.16,26.61,27.26,27.09,0.55,E
2015,2,27.29,26.8,27.4,27.25,0.47,N
2015,3,27.84,27.31,27.74,27.59,0.59,E
2015,4,28.74,27.9,28.07,27.85,0.74,E
2015,5,28.9,27.98,28.08,27.78,0.92,E
2015,6,28.88,27.76,27.68,27.37,1.05,E
2015,7,28.69,27.31,27.26,26.92,1.28,E
2015,8,28.63,26.9,27.08,26.72,1.55,E
2015,9,28.77,26.74,27.3,26.8,1.81,E
2015,10,28.97,26.75,27.59,27.02,2.04,E
2015,11,29.24,26.77,27.76,27.15,2.19,E
2015,12,29.11,26.62,27.75,27.12,2.26,E
2016,1,29.11,26.61,27.82,27.09,2.16,E
2016,2,28.93,26.8,27.87,27.25,1.82,E
2016,3,28.93,27.31,28.24,27.59,1.33,E
2016,4,28.9,27.9,28.35,27.85,0.67,E
2016,5,28.39,27.98,28.2,27.78,0.06,N
2016,6,27.82,27.76,27.79,27.37,-0.45,N
2016,7,26.95,27.31,27.28,26.92,-0.7,L
2016,8,26.54,26.9,27.04,26.72,-0.8,L
2016,9,26.39,26.74,27.07,26.8,-0.87,L
2016,10,26.12,26.75,27.26,27.02,-0.96,L
2016,11,26.1,26.77,27.36,27.15,-0.96,L
2016,12,26.26,26.62,27.36,27.12,-0.89,L
2017,1,26.21,26.61,27.38,27.09,-0.61,L
2017,2,26.95,26.8,27.56,27.25,-0.44,N
2017,3,27.43,27.31,27.9,27.59,-0.18,N
2017,4,28.13,27.9,28.13,27.85,-0.1,N
2017,5,28.31,27.98,28.08,27.78,-0.02,N
2017,6,28.02,27.76,27.64,27.37,-0.04,N
2017,7,27.51,27.31,27.23,26.92,-0.23,N
2017,8,26.78,26.9,27.05,26.72,-0.46,N
2017,9,26.4,26.74,27.05,26.8,-0.62,L
2017,10,26.44,26.75,27.21,27.02,-0.82,L
2017,11,25.99,26.77,27.3,27.15,-0.97,L
2017,12,25.71,26.62,27.15,27.12,-1.14,L
2018,1,25.73,26.61,27.12,27.09,-1.08,L
2018,2,26.08,26.8,27.27,27.25,-1.04,L
2018,3,26.53,27.31,27.59,27.59,-0.91,L
2018,4,27.45,27.9,27.92,27.85,-0.7,L
2018,5,27.87,27.98,27.88,27.78,-0.32,N
2018,6,27.86,27.76,27.45,27.37,-0.01,N
2018,7,27.56,27.31,27.01,26.92,0.09,N
2018,8,27.07,26.9,26.85,26.72,0.17,N
2018,9,27.15,26.74,26.98,26.8,0.35,N
2018,10,27.65,26.75,27.3,27.02,0.63,E
2018,11,27.79,26.77,27.46,27.15,0.83,E
2018,12,27.65,26.62,27.45,27.12,0.78,E
2019,1,27.41,26.61,27.4,27.09,0.69,E
2019,2,27.56,26.8,27.57,27.25,0.64,E
2019,3,28.18,27.31,27.91,27.59,0.58,E
2019,4,28.55,27.9,28.18,27.85,0.55,E
2019,5,28.64,27.98,28.12,27.78,0.38,N
2019,6,28.33,27.76,27.74,27.37,0.24,N
2019,7,27.69,27.31,27.25,26.92,0.04,N
2019,8,27.02,26.9,26.99,26.72,-0.12,N
2019,9,26.79,26.74,27.04,26.8,-0.01,N
2019,10,27.43,26.75,27.38,27.02,0.15,N
2019,11,27.44,26.77,27.58,27.15,0.29,N
2019,12,27.24,26.62,27.59,27.12,0.23,N
2020,1,27.27,26.61,27.61,27.09,0.15,N
2020,2,27.26,26.8,27.67,27.25,0.1,N
2020,3,27.8,27.31,28.04,27.59,0.03,N
2020,4,28.34,27.9,28.31,27.85,-0.26,N
2020,5,27.78,27.98,28.15,27.78,-0.57,L
2020,6,27.39,27.76,27.68,27.37,-0.72,L
2020,7,27.2,27.31,27.26,26.92,-0.75,L
2020,8,26.42,26.9,26.99,26.72,-0.84,L
2020,9,25.97,26.74,26.96,26.8,-1.16,L
2020,10,25.6,26.75,27.09,27.02,-1.37,L
2020,11,25.58,26.77,27.19,27.15,-1.46,L
2020,12,25.46,26.62,27.1,27.12,-1.39,L
2021,1,25.49,26.61,26.99,27.09,-1.33,L
2021,2,25.72,26.8,27.19,27.25,-1.18,L
2021,3,26.57,27.31,27.58,27.59,-1.09,L
2021,4,27.17,27.9,27.82,27.85,-0.9,L
2021,5,27.48,27.98,27.81,27.78,-0.68,L
2021,6,27.54,27.76,27.44,27.37,-0.57,L
2021,7,26.93,27.31,27.08,26.92,-0.6,L
2021,8,26.38,26.9,26.88,26.72,-0.76,L
2021,9,26.18,26.74,26.93,26.8,-0.94,L
2021,10,25.84,26.75,27.09,27.02,-1.08,L
2021,11,25.83,26.77,27.22,27.15,-1.24,L
2021,12,25.57,26.62,27.11,27.12,-1.22,L
2022,1,25.8,26.61,27.22,27.09,-1.18,L
2022,2,26,26.8,27.3,27.25,-1.13,L
2022,3,26.49,27.31,27.64,27.59,-1.19,L
2022,4,26.89,27.9,27.8,27.85,-1.28,L
2022,5,26.95,27.98,27.7,27.78,-1.18,L
2022,6,27.05,27.76,27.38,27.37,-0.94,L
2022,7,26.7,27.31,26.89,26.92,-0.86,L
2022,8,26.05,26.9,26.73,26.72,-0.94,L
2022,9,25.8,26.74,26.8,26.8,-1.07,L
2022,10,25.84,26.75,26.98,27.02,-1.1,L
2022,11,25.82,26.77,27.13,27.15,-1.05,L
2022,12,25.85,26.62,27.14,27.12,-0.99,L
2023,1,25.92,26.61,27.1,27.09,-0.87,L
2023,2,26.24,26.8,27.27,27.25,-0.68,L
2023,3,27.2,27.31,27.81,27.59,-0.56,L
2023,4,27.92,27.9,28.21,27.85,-0.31,N
2023,5,28.36,27.98,28.16,27.78,-0.02,N
2023,6,28.5,27.76,27.81,27.37,0.3,N
2023,7,28.24,27.31,27.44,26.92,0.55,E
2023,8,28.15,26.9,27.29,26.72,0.79,E
2023,9,28.26,26.74,27.4,26.8,1.05,E
2023,10,28.39,26.75,27.63,27.02,1.3,E
2023,11,28.72,26.77,27.83,27.15,1.43,E
2023,12,28.55,26.62,27.84,27.12,1.41,E
2024,1,28.39,26.61,27.92,27.09,1.15,E
2024,2,28.22,26.8,28.09,27.25,0.79,E
2024,3,28.31,27.31,28.28,27.59,0.44,N
2024,4,28.69,27.9,28.55,27.85,0.05,N
2024,5,28.22,27.98,28.32,27.78,-0.29,N
2024,6,27.78,27.76,27.83,27.37,-0.45,N
2024,7,27.42,27.31,27.37,26.92,-0.49,N
2024,8,26.87,26.9,27.13,26.72,-0.56,L
2024,9,26.49,26.74,27.18,26.8,-0.67,L
2024,10,26.58,26.75,27.45,27.02,-0.76,L
2024,11,26.5,26.77,27.54,27.15,-0.88,L
2024,12,26,26.62,27.39,27.12,-1.04,L
2025,1,25.92,26.61,27.38,27.09,-1.1,L
2025,2,26.36,26.8,27.57,27.25,-0.85,L
2025,3,27.4,27.31,27.94,27.59,-0.66,L
2025,4,27.7,27.9,28.11,27.85,-0.51,L
2025,5,27.87,27.98,28.04,27.78,-0.47,N
2025,6,27.72,27.76,27.54,27.37,-0.36,N
2025,7,27.25,27.31,27.13,26.92,-0.4,N
2025,8,26.57,26.9,26.92,26.72,-0.59,L
2025,9,26.28,26.74,27.02,26.8,-0.78,L
2025,10,26.16,26.75,27.16,27.02,-0.93,L
2025,11,25.99,26.77,27.25,27.15,-0.97,L
2025,12,25.99,26.62,27.26,27.12,-1.03,L
2026,1,25.93,26.61,27.28,27.09,-0.91,L
2026,2,26.55,26.8,27.54,27.25,-0.76,L
2026,3,27.25,27.31,27.9,27.59,-0.45,N
2026,4,28.23,27.9,28.27,27.85,-0.04,N
2026,5,28.81,27.98,28.23,27.78,,M
